-- phpMyAdmin SQL Dump
-- version 4.4.15.8
-- https://www.phpmyadmin.net
--
-- Host: localhost
-- Generation Time: Feb 19, 2022 at 09:11 PM
-- Server version: 5.5.29
-- PHP Version: 5.4.12

SET SQL_MODE = "NO_AUTO_VALUE_ON_ZERO";
SET time_zone = "+00:00";


/*!40101 SET @OLD_CHARACTER_SET_CLIENT=@@CHARACTER_SET_CLIENT */;
/*!40101 SET @OLD_CHARACTER_SET_RESULTS=@@CHARACTER_SET_RESULTS */;
/*!40101 SET @OLD_COLLATION_CONNECTION=@@COLLATION_CONNECTION */;
/*!40101 SET NAMES utf8mb4 */;

--
-- Database: `zodaptsg_clients`
--
CREATE DATABASE IF NOT EXISTS `zodaptsg_clients` DEFAULT CHARACTER SET latin1 COLLATE latin1_swedish_ci;
USE `zodaptsg_clients`;

-- --------------------------------------------------------

--
-- Table structure for table `b2b_audit_brand`
--

DROP TABLE IF EXISTS `b2b_audit_brand`;
CREATE TABLE IF NOT EXISTS `b2b_audit_brand` (
  `id` int(3) NOT NULL,
  `name_brand` varchar(35) NOT NULL,
  `own_brand` int(1) NOT NULL,
  `status_brand` int(1) NOT NULL
) ENGINE=InnoDB DEFAULT CHARSET=latin1;

--
-- Dumping data for table `b2b_audit_brand`
--

INSERT INTO `b2b_audit_brand` (`id`, `name_brand`, `own_brand`, `status_brand`) VALUES
(1, 'Jameson', 1, 1),
(2, 'Ballantines', 1, 1),
(3, 'Chivas', 1, 1),
(4, 'Beefeater', 1, 1),
(5, 'Olmeca', 1, 1),
(6, 'Havana Club', 1, 1),
(7, 'Martel', 1, 1),
(8, 'The Glenlivet', 1, 1),
(9, 'Jacobs Creek', 1, 1),
(10, 'Absolut', 1, 1),
(11, 'Imperial Blue', 1, 1),
(12, 'Royal Stag', 1, 1),
(13, 'Johnnie Walker', 0, 1),
(14, 'Boss Whiskey', 0, 1),
(15, 'Gordons', 0, 1),
(16, 'Bacardi', 0, 1),
(17, 'Camino', 0, 1),
(18, 'Konyagi', 0, 1),
(19, 'Hennessey', 0, 1),
(20, 'Glenfiddich', 0, 1),
(21, 'Smirnoff', 0, 1);

-- --------------------------------------------------------

--
-- Table structure for table `b2b_audit_question`
--

DROP TABLE IF EXISTS `b2b_audit_question`;
CREATE TABLE IF NOT EXISTS `b2b_audit_question` (
  `id` int(3) NOT NULL,
  `text_question` varchar(75) NOT NULL,
  `type_response_question` varchar(10) NOT NULL,
  `days_used_question` int(3) NOT NULL COMMENT 'status_brand',
  `status_question` int(1) NOT NULL
) ENGINE=InnoDB DEFAULT CHARSET=latin1;

--
-- Dumping data for table `b2b_audit_question`
--

INSERT INTO `b2b_audit_question` (`id`, `text_question`, `type_response_question`, `days_used_question`, `status_question`) VALUES
(1, 'Is brand available?', 'yes-no', 1, 1),
(2, 'What SKU''s are available?', 'text', 1, 1),
(3, 'How many cases are available in the store?', 'text', 1, 1),
(4, 'How many Facings are visible on the shelf?', 'text', 1, 1),
(5, 'Is brand present in the menu?', 'yes-no', 1, 1),
(6, 'What is the current price for all Jameson SKU''S? *', 'text', 30, 1),
(7, 'Is this a promotional price or a standard price? *', 'yes-no', 30, 1);

-- --------------------------------------------------------

--
-- Table structure for table `b2b_category_product`
--

DROP TABLE IF EXISTS `b2b_category_product`;
CREATE TABLE IF NOT EXISTS `b2b_category_product` (
  `id` int(10) NOT NULL DEFAULT '0',
  `name_category_product` varchar(35) NOT NULL DEFAULT ''
) ENGINE=MyISAM DEFAULT CHARSET=latin1;

--
-- Dumping data for table `b2b_category_product`
--

INSERT INTO `b2b_category_product` (`id`, `name_category_product`) VALUES
(1, 'Irish Whisky'),
(2, 'Vodka'),
(3, 'Scotch Whisky'),
(4, 'Wines'),
(5, 'London Gin'),
(6, 'Cofee Liqueur'),
(7, 'Rum'),
(8, 'Coconut Liqueur'),
(9, 'Cognac'),
(10, 'Champagne'),
(11, 'Tequila'),
(12, 'Pastis'),
(13, 'Single Malt Scotch Whisky'),
(14, 'Indian Whisky');

-- --------------------------------------------------------

--
-- Table structure for table `b2b_order`
--

DROP TABLE IF EXISTS `b2b_order`;
CREATE TABLE IF NOT EXISTS `b2b_order` (
  `id` int(10) NOT NULL DEFAULT '0',
  `id_user` int(10) NOT NULL DEFAULT '0',
  `id_outlet` int(10) NOT NULL,
  `date_order` datetime DEFAULT NULL,
  `details_order` text,
  `status_order` int(1) NOT NULL DEFAULT '0',
  `delivery_user` int(10) DEFAULT NULL,
  `delivery_datetime` datetime DEFAULT NULL
) ENGINE=MyISAM DEFAULT CHARSET=latin1;

--
-- Dumping data for table `b2b_order`
--

INSERT INTO `b2b_order` (`id`, `id_user`, `id_outlet`, `date_order`, `details_order`, `status_order`, `delivery_user`, `delivery_datetime`) VALUES
(1, 1, 268, '2020-12-08 11:43:56', '', 0, NULL, NULL),
(2, 1, 1, '2020-12-08 11:57:43', '', 0, NULL, NULL),
(3, 5, 318, '2020-12-08 12:03:09', '', 0, NULL, NULL),
(4, 1, 289, '2020-12-08 12:11:25', '', 0, NULL, NULL),
(5, 0, 1, '2020-12-08 12:32:11', '', 0, NULL, NULL),
(6, 0, 1, '2020-12-08 12:34:21', '', 0, NULL, NULL),
(7, 2, 1, '2020-12-08 13:22:25', '', 0, NULL, NULL),
(8, 2, 144, '2020-12-08 13:24:01', '', 0, NULL, NULL),
(9, 4, 82, '2021-05-06 08:11:42', '', 0, NULL, NULL);

-- --------------------------------------------------------

--
-- Table structure for table `b2b_order_details`
--

DROP TABLE IF EXISTS `b2b_order_details`;
CREATE TABLE IF NOT EXISTS `b2b_order_details` (
  `id_order` int(10) NOT NULL DEFAULT '0',
  `id_product` int(10) NOT NULL DEFAULT '0',
  `quantity_ordered` int(10) NOT NULL DEFAULT '0'
) ENGINE=MyISAM DEFAULT CHARSET=latin1;

--
-- Dumping data for table `b2b_order_details`
--

INSERT INTO `b2b_order_details` (`id_order`, `id_product`, `quantity_ordered`) VALUES
(5, 17, 1),
(8, 46, 1),
(8, 44, 1),
(8, 3, 1),
(8, 2, 1),
(7, 46, 1),
(7, 44, 1),
(7, 3, 1),
(7, 2, 1),
(6, 24, 1),
(6, 22, 1),
(5, 32, 1),
(6, 7, 1),
(5, 20, 1),
(4, 33, 1),
(4, 62, 1),
(2, 37, 1),
(2, 27, 1),
(3, 46, 1),
(3, 29, 3),
(2, 60, 1),
(1, 9, 1),
(1, 2, 1),
(9, 2, 2);

-- --------------------------------------------------------

--
-- Table structure for table `b2b_outlet`
--

DROP TABLE IF EXISTS `b2b_outlet`;
CREATE TABLE IF NOT EXISTS `b2b_outlet` (
  `id` int(10) NOT NULL DEFAULT '0',
  `name_outlet` varchar(35) NOT NULL DEFAULT '',
  `manager_outlet` varchar(35) NOT NULL,
  `type_outlet` varchar(35) NOT NULL DEFAULT '',
  `phone_outlet` varchar(10) NOT NULL DEFAULT '',
  `email_outlet` varchar(50) NOT NULL DEFAULT '',
  `location_outlet` varchar(35) NOT NULL DEFAULT '',
  `gps_latitude_outlet` varchar(35) NOT NULL DEFAULT '',
  `gps_longitude_outlet` varchar(35) NOT NULL,
  `login_outlet` varchar(35) NOT NULL,
  `passcode_outlet` varchar(35) NOT NULL
) ENGINE=MyISAM DEFAULT CHARSET=latin1;

--
-- Dumping data for table `b2b_outlet`
--

INSERT INTO `b2b_outlet` (`id`, `name_outlet`, `manager_outlet`, `type_outlet`, `phone_outlet`, `email_outlet`, `location_outlet`, `gps_latitude_outlet`, `gps_longitude_outlet`, `login_outlet`, `passcode_outlet`) VALUES
(1, 'Downtown Bistro', 'Georges', 'Ontrade', '782871129', '-', 'Nyarugenge', '-1.944135', '30.061790', 'dbistro', 't1bJwc2yEtcfA'),
(2, 'Ubuntu Grande Hotel', '_Manager', 'Ontrade', '', '-', 'Nyarugenge', '-1.9470451163308269', '30.061163119724313', '---', '---'),
(3, 'KGL Bar', 'Elijah Karisimbi', 'Ontrade', '783035583', '-', 'Gisozi', '-1.944135', '30.061790', '---', '---'),
(4, 'Torino ', 'Raphaël', 'Ontrade', '789921852', '-', 'Nyamirambo', '-1.944135', '30.061790', '---', '---'),
(5, 'Ba House', 'Dany', 'Ontrade', '783294168', '-', 'Nyamirambo', '-1.944135', '30.061790', '---', '---'),
(6, 'Cosmos', '_Manager', 'Ontrade', '', '-', 'Nyamirambo', '-1.944135', '30.061790', '---', '---'),
(7, 'Fuschia Cercle Sportif', 'Mme Jules', 'Ontrade', '788535672', '-', 'Gikondo', '-1.944135', '30.061790', '---', '---'),
(8, 'Serena Hotel', 'Scovia', 'Ontrade', '788200418', '-', 'Kiyovu', '-1.944135', '30.061790', '---', '---'),
(9, 'Marriott Hotel', 'Nadine', 'Ontrade', '788578775', '-', 'Kiyovu', '-1.944135', '30.061790', '---', '---'),
(10, 'Hotel Des Mille Collines', 'Rosine', 'Ontrade', '788899004', '-', 'Kiyovu', '-1.944135', '30.061790', '---', '---'),
(11, '5 Swiss Hotel', 'Yannick Manager', 'Ontrade', '786932290', '-', 'Kiyovu', '-1.944135', '30.061790', '---', '---'),
(12, 'Chez Robert', '_Manager', 'Ontrade', '784888825', '-', 'Kiyovu', '-1.944135', '30.061790', '---', '---'),
(13, 'Sale&Pepe', 'Liliane', 'Ontrade', '785211141', '-', 'Kiyovu', '-1.944135', '30.061790', '---', '---'),
(14, 'Dolce', 'Yves Kagina', 'Ontrade', '788625108', '-', 'Kiyovu', '-1.944135', '30.061790', '---', '---'),
(15, 'Woo Hah', 'Félix', 'Ontrade', '788305438', '-', 'Kiyovu', '-1.944135', '30.061790', '---', '---'),
(16, 'Indabo Coffee', 'Eric', 'Ontrade', '787696409', '-', 'Kiyovu', '-1.944135', '30.061790', '---', '---'),
(17, 'Khana Khazana Kiyovu', 'Anil', 'Ontrade', '781522188', '-', 'Kiyovu', '-1.944135', '30.061790', '---', '---'),
(18, 'Galaxy Hotel', '_Manager', 'Ontrade', '', '-', 'Kiyovu', '-1.944135', '30.061790', '---', '---'),
(19, 'Karisimbi Hotel', '_Manager', 'Ontrade', '', '-', 'Kiyovu', '-1.944135', '30.061790', '---', '---'),
(20, 'Park Inn Radisson', '_Manager', 'Ontrade', '', '-', 'Kiyovu', '-1.944135', '30.061790', '---', '---'),
(21, 'Urban Hotel', '_Manager', 'Ontrade', '', '-', 'Kiyovu', '-1.944135', '30.061790', '---', '---'),
(22, 'Mythos', '_Manager', 'Ontrade', '', '-', 'Kiyovu', '-1.944135', '30.061790', '---', '---'),
(23, 'Hill View Hotel', '_Manager', 'Ontrade', '', '-', 'Kiyovu', '-1.944135', '30.061790', '---', '---'),
(24, 'Kabana', 'Yacine', 'Ontrade', '788504647', '-', 'Kacyiru', '-1.944135', '30.061790', '---', '---'),
(25, 'Coffee Break', 'Olivier', 'Ontrade', '788848396', '-', 'Kacyiru', '-1.944135', '30.061790', '---', '---'),
(26, 'Iwawe Hotel', '_Manager', 'Ontrade', '788302114', '-', 'Kacyiru', '-1.944135', '30.061790', '---', '---'),
(27, 'Burrows', '_Manager', 'Ontrade', '', '-', 'Kacyiru', '-1.944135', '30.061790', '---', '---'),
(28, 'Convention Centre', '_Manager', 'Ontrade', '', '-', 'Kacyiru', '-1.944135', '30.061790', '---', '---'),
(29, 'People Club', '_Manager', 'Ontrade', '', '-', 'Kacyiru', '-1.944135', '30.061790', '---', '---'),
(30, 'Riders', 'Dorcas', 'Ontrade', '787680966', '-', 'Kimihurura', '-1.944135', '30.061790', '---', '---'),
(31, 'Repub Lounge', 'Solange', 'Ontrade', '788303030', '-', 'Kimihurura', '-1.944135', '30.061790', '---', '---'),
(32, 'Papyrus', '_Manager', 'Ontrade', '787103990', '-', 'Kimihurura', '-1.944135', '30.061790', '---', '---'),
(33, 'Gusto Bar & Restaurant', 'Richard', 'Ontrade', '783877042', '-', 'Kimihurura', '-1.944135', '30.061790', '---', '---'),
(34, 'Sundowner', '_Manager', 'Ontrade', '788301922', '-', 'Kimihurura', '-1.944135', '30.061790', '---', '---'),
(35, 'Grazia Appartment', 'Pascal', 'Ontrade', '788862351', '-', 'Kimihurura', '-1.944135', '30.061790', '---', '---'),
(36, 'The Hut', '_Manager', 'Ontrade', '789806336', '-', 'Kimihurura', '-1.944135', '30.061790', '---', '---'),
(37, 'Gusto Italiano', '_Manager', 'Ontrade', '', '-', 'Kimihurura', '-1.944135', '30.061790', '---', '---'),
(38, 'Lemigo Hotel', '_Manager', 'Ontrade', '', '-', 'Kimihurura', '-1.944135', '30.061790', '---', '---'),
(39, 'Chinese Great Wall Restaurant', '_Manager', 'Ontrade', '', '-', 'Kimihurura', '-1.955257974929168', '30.098722142144254', '---', '---'),
(40, 'Inka Steakhouse', '_Manager', 'Ontrade', '', '-', 'Kimihurura', '-1.944135', '30.061790', '---', '---'),
(41, 'Soy', '_Manager', 'Ontrade', '', '-', 'Kimihurura', '-1.944135', '30.061790', '---', '---'),
(42, 'Cozy', '_Manager', 'Ontrade', '', '-', 'Kimihurura', '-1.944135', '30.061790', '---', '---'),
(43, 'Hotel Red', 'Chantal', 'Ontrade', '788308235', '-', 'Gacuriro', '-1.9435559762436725', '30.05732680419922', '---', '---'),
(44, 'Country Inn Hotel', '_Manager', 'Ontrade', '785354682', '-', 'Gacuriro', '-1.944135', '30.061790', '---', '---'),
(45, '_Gacuriro', '_Manager', 'Ontrade', '', '-', 'Gacuriro', '-1.9426338268876435', '30.060588370360875', '---', '---'),
(46, 'Great Season Hotel', '_Manager', 'Ontrade', '', '-', 'Gacuriro', '-1.944135', '30.061790', '---', '---'),
(47, 'Highlands Appartment', '_Manager', 'Ontrade', '', '-', 'Gacuriro', '-1.9129568636016643', '30.085644190439922', '---', '---'),
(48, 'Choma`d', 'Derreck Ndungutse', 'Ontrade', '781158701', '-', 'Nyarutarama', '-1.944135', '30.061790', '---', '---'),
(49, 'Max Five(Khana Khazana)', 'Akil', 'Ontrade', '734596725', '-', 'Nyarutarama', '-1.944135', '30.061790', '---', '---'),
(50, 'La Villa', '_Manager', 'Ontrade', '', '-', 'Nyarutarama', '-1.944135', '30.061790', '---', '---'),
(51, 'Select Boutique Hotel', 'Gilles', 'Ontrade', '784751334', '-', 'Nyarutarama', '-1.944135', '30.061790', '---', '---'),
(52, 'Hotel Villa Portofino', '_Manager', 'Ontrade', '', '-', 'Nyarutarama', '-1.944135', '30.061790', '---', '---'),
(53, 'Orient Park', '_Manager', 'Ontrade', '', '-', 'Nyarutarama', '-1.944135', '30.061790', '---', '---'),
(54, 'Zen Oriental Cuisine', '_Manager', 'Ontrade', '', '-', 'Nyarutarama', '-1.944135', '30.061790', '---', '---'),
(55, 'Quiet Heaven Hotel', '_Manager', 'Ontrade', '', '-', 'Nyarutarama', '-1.944135', '30.061790', '---', '---'),
(56, 'Chillax Lounge', '_Manager', 'Ontrade', '', '-', 'Nyarutarama', '-1.944135', '30.061790', '---', '---'),
(57, 'Gorilla Golf Hotel', '_Manager', 'Ontrade', '', '-', 'Nyarutarama', '-1.944135', '30.061790', '---', '---'),
(58, 'Le Poète Bar&Restaurant', '_Manager', 'Ontrade', '', '-', 'Nyarutarama', '-1.944135', '30.061790', '---', '---'),
(59, 'Elevate Hotel', '_Manager', 'Ontrade', '', '-', 'Nyarutarama', '-1.944135', '30.061790', '---', '---'),
(60, 'Land Mark Hotel', '_Manager', 'Ontrade', '788312442', '-', 'Kagugu', '-1.944135', '30.061790', '---', '---'),
(61, 'Tany`s', 'Tania', 'Ontrade', '788500635', '-', 'Gishushu', '-1.944135', '30.061790', '---', '---'),
(62, 'Fuschia Lounge', 'Mme Jules', 'Ontrade', '788535672', '-', 'Remera', '-1.944135', '30.061790', '---', '---'),
(63, 'Home Burger', 'Adrien', 'Ontrade', '784801292', '-', 'Remera', '-1.944135', '30.061790', '---', '---'),
(64, 'Round One Bistro', 'Gisèle', 'Ontrade', '788308616', '-', 'Remera', '-1.944135', '30.061790', '---', '---'),
(65, 'Sky Lounge', 'Gilbert', 'Ontrade', '780367532', '-', 'Remera', '-1.944135', '30.061790', '---', '---'),
(66, 'Piccadilly Bar', 'Ruti', 'Ontrade', '781467148', '-', 'Remera', '-1.944135', '30.061790', '---', '---'),
(67, 'Active Pub', 'Déo', 'Ontrade', '788486509', '-', 'Remera', '-1.944135', '30.061790', '---', '---'),
(68, 'Come Again', '_Manager', 'Ontrade', '783113562', '-', 'Remera', '-1.944135', '30.061790', '---', '---'),
(70, 'Yopougon', '_Manager', 'Ontrade', '789619873', '-', 'Remera', '-1.944135', '30.061790', '---', '---'),
(71, '_Remera', '_Manager', 'Ontrade', '', '-', 'Remera', '-1.944135', '30.061790', '---', '---'),
(72, '2Shots', '_Manager', 'Ontrade', '', '-', 'Remera', '-1.944135', '30.061790', '---', '---'),
(73, 'LEBANON Hotel', '_Manager', 'Ontrade', '', '-', 'Remera', '-1.944135', '30.061790', '---', '---'),
(74, 'Hotel Chez Lando', '_Manager', 'Ontrade', '', '-', 'Remera', '-1.944135', '30.061790', '---', '---'),
(75, 'Le Little Five Bar&Resto', '_Manager', 'Ontrade', '', '-', 'Remera', '-1.944135', '30.061790', '---', '---'),
(76, 'Bel-Air Resto&Bar', '_Manager', 'Ontrade', '', '-', 'Remera', '-1.944135', '30.061790', '---', '---'),
(77, 'Magnet Bar', '_Manager', 'Ontrade', '', '-', 'Remera', '-1.944135', '30.061790', '---', '---'),
(78, 'Master Grill Bar', '_Manager', 'Ontrade', '', '-', 'Remera', '-1.944135', '30.061790', '---', '---'),
(79, 'Rosty Bar', '_Manager', 'Ontrade', '', '-', 'Remera', '-1.944135', '30.061790', '---', '---'),
(80, 'Civitas Hotel', '_Manager', 'Ontrade', '', '-', 'Remera', '-1.944135', '30.061790', '---', '---'),
(81, '514 Bar&Resto', '_Manager', 'Ontrade', '', '-', 'Remera', '-1.944135', '30.061790', '---', '---'),
(82, '2Shots', '_Manager', 'Ontrade', '', '-', 'Remera', '-1.944135', '30.061790', '---', '---'),
(83, 'Joll Of Kigali', '_Manager', 'Ontrade', '', '-', 'Remera', '-1.944135', '30.061790', '---', '---'),
(84, 'Stamina Bar', '_Manager', 'Ontrade', '', '-', 'Remera', '-1.944135', '30.061790', '---', '---'),
(85, 'Le Printemps Hotel', '_Manager', 'Ontrade', '', '-', 'Kimironko', '-1.944135', '30.061790', '---', '---'),
(86, 'Hotel Near Gereza', '_Manager', 'Ontrade', '', '-', 'Kimironko', '-1.944135', '30.061790', '---', '---'),
(87, 'Olympic Hotel', '_Manager', 'Ontrade', '', '-', 'Kimironko', '-1.944135', '30.061790', '---', '---'),
(88, 'Wakanda 250 Ltd', 'Eric', 'Ontrade', '786912800', '-', 'Kicukiro', '-1.944135', '30.061790', '---', '---'),
(89, 'Pacy & Sisters Bar Restaurant', 'Gustave', 'Ontrade', '785753885', '-', 'Kicukiro', '-1.944135', '30.061790', '---', '---'),
(90, 'Iwacu Plus 250 Bar', '_Manager', 'Ontrade', '783557174', '-', 'Kicukiro', '-1.9704069316446748', '30.103633874967016', '---', '---'),
(91, 'East24', '_Manager', 'Ontrade', '', '-', 'Kicukiro', '-1.944135', '30.061790', '---', '---'),
(92, 'Classic Hotel', '_Manager', 'Ontrade', '', '-', 'Kicukiro', '-1.9687354394877872', '30.100476169875037', '---', '---'),
(93, 'Nobleza Hotel', '_Manager', 'Ontrade', '', '-', 'Kicukiro', '-1.9985124815678716', '30.095363680871372', '---', '---'),
(94, 'Come Again Bar', '_Manager', 'Ontrade', '', '-', 'Kicukiro', '-1.944135', '30.061790', '---', '---'),
(95, 'Pili Pili', 'Reggy', 'Ontrade', '783114532', '-', 'Kibagabaga', '-1.944135', '30.061790', '---', '---'),
(96, 'Kiberinka', '_Manager', 'Ontrade', '', '-', 'Kibagabaga', '-1.944135', '30.061790', '---', '---'),
(97, 'Caiman', '_Manager', 'Ontrade', '', '-', 'Kibagabaga', '-1.944135', '30.061790', '---', '---'),
(98, 'Gilt Club', 'Hassan', 'Ontrade', '788380172', '-', 'Kibagabaga', '-1.944135', '30.061790', '---', '---'),
(99, 'Kaizen Hotel', 'Alphonse', 'Ontrade', '788455623', '-', 'Nyabugogo', '-1.944135', '30.061790', '---', '---'),
(100, 'Gashemere Business Company Ltd', 'Alice', 'Offtrade', '788684497', '-', 'Nyarugenge', '-1.944135', '30.061790', '---', '---'),
(101, 'Come On Come All Ltd', '_Manager', 'Offtrade', '788454607', '-', 'Nyarugenge', '-1.944135', '30.061790', '---', '---'),
(102, 'Jeni Supply Ltd', 'Eugénie', 'Offtrade', '781602984', '-', 'Nyarugenge', '-1.944135', '30.061790', '---', '---'),
(103, 'Ashija Trading Ltd', '_Manager', 'Offtrade', '788309566', '-', 'Nyarugenge', '-1.944135', '30.061790', '---', '---'),
(104, 'Robert Shop', 'Robert', 'Offtrade', '786875140', '-', 'Nyamirambo', '-1.944135', '30.061790', '---', '---'),
(105, 'Mango Supermarket', 'King James/ Christine', 'Offtrade', '730397671/', '-', 'Nyamirambo', '-1.944135', '30.061790', '---', '---'),
(106, 'Seremani Shop', 'Mme Seremani', 'Offtrade', '781738284', '-', 'Nyamirambo', '-1.944135', '30.061790', '---', '---'),
(107, 'Karashushye', 'Robert', 'Offtrade', '788353578', '-', 'Nyamirambo', '-1.944135', '30.061790', '---', '---'),
(108, 'Nobert Shop', 'Norbert', 'Offtrade', '785345096', '-', 'Nyamirambo', '-1.944135', '30.061790', '---', '---'),
(109, 'Lambert Shop', 'Lambert', 'Offtrade', '788765031', '-', 'Nyamirambo', '-1.944135', '30.061790', '---', '---'),
(110, 'Chantal Shop', 'Chantal', 'Offtrade', '781738284', '-', 'Nyamirambo', '-1.944135', '30.061790', '---', '---'),
(111, 'Amazing Shop', 'Lilian', 'Offtrade', '789015976', '-', 'Nyamirambo', '-1.9773630529986548', '30.050438891483765', '---', '---'),
(112, 'Goes Shop', '_Manager', 'Offtrade', '788469161', '-', 'Nyamirambo', '-1.944135', '30.061790', '---', '---'),
(113, 'Choice One In Africa', 'Robert', 'Offtrade', '787919499', '-', 'Nyamirambo', '-1.944135', '30.061790', '---', '---'),
(114, 'Bugeni Ltd', 'Kivugija', 'Offtrade', '788362350', '-', 'Nyamirambo', '-1.944135', '30.061790', '---', '---'),
(115, 'Bahouse', 'Claire', 'Offtrade', '788827426', '-', 'Nyamirambo', '-1.944135', '30.061790', '---', '---'),
(116, 'Pesos Investment Company', 'Fabrice', 'Offtrade', '788868222', '-', 'Nyamirambo', '-1.944135', '30.061790', '---', '---'),
(117, 'Green Corner Mini-Market', 'Emmanuel', 'Offtrade', '788645614', '-', 'Kimisagara', '-1.944135', '30.061790', '---', '---'),
(118, 'Café De Gisozi', '_Manager', 'Offtrade', '788547044', '-', 'Gisozi', '-1.944135', '30.061790', '---', '---'),
(119, 'Joseph Trading', 'Joseph', 'Offtrade', '788973898', '-', 'Remera', '-1.944135', '30.061790', '---', '---'),
(120, 'Bikios', 'Alex', 'Offtrade', '787511660', '-', 'Remera', '-1.944135', '30.061790', '---', '---'),
(121, 'Gr Supply', 'Gentil', 'Offtrade', '788887973', '-', 'Kacyiru', '-1.944135', '30.061790', '---', '---'),
(122, 'Light In Darkeness', 'Niyomugabo', 'Offtrade', '788230655', '-', 'Kacyiru', '-1.944135', '30.061790', '---', '---'),
(123, 'East African Store', 'Chris', 'Offtrade', '788568847', '-', 'Giporoso', '-1.944135', '30.061790', '---', '---'),
(124, 'Exch & Pro Services', 'Betty', 'Offtrade', '788442394', '-', 'Giporoso', '-1.9631839120959569', '30.11990919010779', '---', '---'),
(125, 'Ikana Liquor Store', 'Télesphore', 'Offtrade', '788509678', '-', 'Giporoso', '-1.944135', '30.061790', '---', '---'),
(126, 'Inbox Wines&Liquor', 'Boniface', 'Offtrade', '788222056', '-', 'Kabeza', '-1.944135', '30.061790', '---', '---'),
(127, 'Chez Maman Betty', '', 'Offtrade', '788442394', '-', 'Kabeza', '-1.944135', '30.061790', '---', '---'),
(128, 'Big James', 'James', 'Offtrade', '788831317', '-', 'Kabeza', '-1.9663920499054939', '30.119715283556815', '---', '---'),
(129, 'Cash Cash', 'Cash', 'Offtrade', '788468106', '-', 'Kabeza', '-1.944135', '30.061790', '---', '---'),
(130, 'Foodland', '_Manager', 'Offtrade', '788502585', '-', 'Kabeza', '-1.944135', '30.061790', '---', '---'),
(131, 'Emma Fresh&Green Liquor', '_Manager', 'Offtrade', '783816956', '-', 'Kabeza', '-1.968582487743305', '30.120240698867832', '---', '---'),
(132, 'Lissaz Mini Market', 'Clémentine', 'Offtrade', '788770438', '-', 'Kabeza', '-1.944135', '30.061790', '---', '---'),
(133, 'Ku Mucyo', 'Barahira', 'Offtrade', '789795493', '-', 'Kabeza', '-1.944135', '30.061790', '---', '---'),
(134, 'Isange Boutique', 'Innocent', 'Offtrade', '788468106', '-', 'Kabeza', '-1.944135', '30.061790', '---', '---'),
(135, 'King Wines Company', 'King', 'Offtrade', '787158352', '-', 'Kicukiro', '-1.944135', '30.061790', '---', '---'),
(136, 'Liquor DK', 'Agaba', 'Offtrade', '788868180', '-', 'Kicukiro', '-1.944135', '30.061790', '---', '---'),
(137, 'Alimentation MD', 'Peter', 'Offtrade', '788387828', '-', 'Kicukiro', '-1.944135', '30.061790', '---', '---'),
(138, 'Inkindi', 'Rodrigue', 'Offtrade', '789195753', '-', 'Kicukiro', '-1.944135', '30.061790', '---', '---'),
(139, 'The Great Liquor Store', 'Geoffry', 'Offtrade', '781579594', '-', 'Kicukiro', '-1.944135', '30.061790', '---', '---'),
(140, 'Corner Spot Bar&Restaurant', 'Vincent', 'Ontrade', '788549114', '-', 'Kicukiro', '-1.944135', '30.061790', '---', '---'),
(141, 'Toto Shop', '_Manager', 'Offtrade', '783305542', '-', 'Kicukiro', '-1.944135', '30.061790', '---', '---'),
(142, 'Iwacu Plus 250 Bar', '_Manager', 'Offtrade', '783557174', '-', 'Kicukiro', '-1.944135', '30.061790', '---', '---'),
(143, 'Ketia Kayonga ( Station Kicuki', '_Manager', 'Offtrade', '788290182', '-', 'Kicukiro', '-1.944135', '30.061790', '---', '---'),
(144, 'B5 Mini-Market', 'Viateur', 'Offtrade', '788222250', '-', 'Kicukiro', '-1.944135', '30.061790', '---', '---'),
(145, 'Halleuila Mini-Market', '_Manager', 'Offtrade', '788322294', '-', 'Kicukiro', '-1.9713023987725933', '30.10373685436113', '---', '---'),
(146, 'Fancy', '_Manager', 'Offtrade', '788826892', '-', 'Kicukiro', '-1.944135', '30.061790', '---', '---'),
(147, '_Empty3', 'Michel', 'Offtrade', '788613140', '-', 'Kicukiro', '-1.944135', '30.061790', '---', '---'),
(148, 'Macbuffey', '_Manager', 'Offtrade', '781519727', '-', 'Kicukiro', '-1.944135', '30.061790', '---', '---'),
(149, 'Abizera', '_Manager', 'Offtrade', '78324555', '-', 'Kicukiro', '-1.944135', '30.061790', '---', '---'),
(150, 'Gwiga', '_Manager', 'Offtrade', '786033899', '-', 'Kicukiro', '-1.944135', '30.061790', '---', '---'),
(151, 'Kazungu', '_Manager', 'Offtrade', '789454978', '-', 'Kinyinya', '-1.944135', '30.061790', '---', '---'),
(152, 'Nshongore', '_Manager', 'Offtrade', '788366324', '-', 'Kinyinya', '-1.944135', '30.061790', '---', '---'),
(153, 'Bosco', '_Manager', 'Offtrade', '788933589', '-', 'Kinyinya', '-1.944135', '30.061790', '---', '---'),
(154, 'Maman Lambert', '_Manager', 'Offtrade', '780484656', '-', 'Kinyinya', '-1.944135', '30.061790', '---', '---'),
(155, 'Bm-Azmarino', '_Manager', 'Offtrade', '788313590', '-', 'Kimironko', '-1.944135', '30.061790', '---', '---'),
(156, 'Chez Eric', '_Manager', 'Offtrade', '788456669', '-', 'Kimironko', '-1.944135', '30.061790', '---', '---'),
(157, 'Thomas Shop', '_Manager', 'Offtrade', '788731342', '-', 'Kimironko', '-1.944135', '30.061790', '---', '---'),
(158, 'Augustin', '_Manager', 'Offtrade', '786954942', '-', 'Kimironko', '-1.944135', '30.061790', '---', '---'),
(159, 'Jean De Dieu', '_Manager', 'Offtrade', '788583068', '-', 'Kimironko', '-1.944135', '30.061790', '---', '---'),
(160, 'Eric', '_Manager', 'Offtrade', '784063696', '-', 'Kimironko', '-1.944135', '30.061790', '---', '---'),
(161, 'Judith', '_Manager', 'Offtrade', '788584848', '-', 'Kimironko', '-1.944135', '30.061790', '---', '---'),
(162, 'Niko', 'Nocolas/Belyse', 'Offtrade', '780507459/', '-', 'Kimironko', '-1.944135', '30.061790', '---', '---'),
(163, 'Moran Wineland', 'Moriah', 'Offtrade', '785243220', '-', 'Kimironko', '-1.944135', '30.061790', '---', '---'),
(164, 'Bryan&Bertrand', '_Manager', 'Offtrade', '788206126/', '-', 'Kimironko', '-1.944135', '30.061790', '---', '---'),
(165, 'Ujo Liquor Store Ltd', 'Uwase', 'Offtrade', '787282942', '-', 'Kimironko', '-1.944135', '30.061790', '---', '---'),
(166, 'Njyewe Nawe Shop', '_Manager', 'Offtrade', '788791782', '-', 'Kimironko', '-1.944135', '30.061790', '---', '---'),
(167, 'Kabingo Shop', '_Manager', 'Offtrade', '788644173', '-', 'Kimironko', '-1.944135', '30.061790', '---', '---'),
(168, 'Albert Shop', 'Albert', 'Offtrade', '783014315', '-', 'Kimironko', '-1.944135', '30.061790', '---', '---'),
(169, 'Oli Boutique', '_Manager', 'Offtrade', '787397390', '-', 'Kimironko', '-1.944135', '30.061790', '---', '---'),
(170, 'Alpha Shop', '_Manager', 'Offtrade', '785712396', '-', 'Kimironko', '-1.944135', '30.061790', '---', '---'),
(171, 'Lynda', '_Manager', 'Offtrade', '788301573', '-', 'Kimironko', '-1.944135', '30.061790', '---', '---'),
(172, 'Damour', '_Manager', 'Offtrade', '788982076', '-', 'Kimironko', '-1.944135', '30.061790', '---', '---'),
(173, 'Zindiro Liquor Store', '_Manager', 'Offtrade', '788872057', '-', 'Kimironko', '-1.944135', '30.061790', '---', '---'),
(174, 'Iwacu Kinyaga', 'Claudine', 'Offtrade', '784888530', '-', 'Kimironko', '-1.944135', '30.061790', '---', '---'),
(175, 'Shalom Mini-Market', '_Manager', 'Offtrade', '788296174', '-', 'Kimironko', '-1.944135', '30.061790', '---', '---'),
(176, '_Empty4', '_Manager', 'Offtrade', '788785704', '-', 'Kimironko', '-1.944135', '30.061790', '---', '---'),
(177, 'Kayumba', '_Manager', 'Offtrade', '788308614', '-', 'Kimironko', '-1.944135', '30.061790', '---', '---'),
(178, 'Atistic Bar', 'Ntagara', 'Ontrade', '788478371', '-', 'Kimironko', '-1.944135', '30.061790', '---', '---'),
(179, 'Sandra', '_Manager', 'Offtrade', '781889740', '-', 'Kimironko', '-1.944135', '30.061790', '---', '---'),
(180, 'Callixte', '_Manager', 'Offtrade', '788473770', '-', 'Kimironko', '-1.944135', '30.061790', '---', '---'),
(181, 'Boss Pio', '_Manager', 'Offtrade', '788551473', '-', 'Kimironko', '-1.944135', '30.061790', '---', '---'),
(182, 'Eliano', 'Eliab/Mme', 'Offtrade', '788859512/', '-', 'Nyabugogo', '-1.9414972235152703', '30.043636809394826', '---', '---'),
(183, 'Kagaju Shop', 'Francois', 'Offtrade', '788540811', '-', 'Nyabugogo', '-1.944135', '30.061790', '---', '---'),
(184, 'Aliana Shop', 'Japhet', 'Offtrade', '788638635', '-', 'Nyabugogo', '-1.944135', '30.061790', '---', '---'),
(185, 'La Douce Wine&Liquor', '', 'Offtrade', '788521425', '-', 'Nyabugogo', '-1.944135', '30.061790', '---', '---'),
(186, 'Sawa Citi Engen', 'Patrick', 'Offtrade', '788759784', '-', 'Nyabugogo', '-1.944135', '30.061790', '---', '---'),
(187, 'Sawa Citi Giticinyoni', 'Charles', 'Offtrade', '782648776', '-', 'Nyabugogo', '-1.944135', '30.061790', '---', '---'),
(188, 'Fulgence Shop', 'Fulgence', 'Offtrade', '788588645', '-', 'Nyabugogo', '-1.944135', '30.061790', '---', '---'),
(189, 'Emmanuel Shop', 'Emmanuel', 'Offtrade', '788476628', '-', 'Nyabugogo', '-1.944135', '30.061790', '---', '---'),
(190, 'Gratefull Shop', 'Pacifique', 'Offtrade', '789198759', '-', 'Nyabugogo', '-1.944135', '30.061790', '---', '---'),
(191, '_Empty5', 'Pierre', 'Offtrade', '786419923', '-', 'Nyabugogo', '-1.944135', '30.061790', '---', '---'),
(192, 'Cheap Shop', 'Sindayigaya', 'Offtrade', '788528896', '-', 'Nyabugogo', '-1.944135', '30.061790', '---', '---'),
(193, 'Nella Shop', 'Nella', 'Offtrade', '788593548', '-', 'Nyabugogo', '-1.944135', '30.061790', '---', '---'),
(194, 'Bru Trading', '_Manager', 'Offtrade', '0788405164', '-', 'Nyabugogo', '-1.944135', '30.061790', '---', '---'),
(195, 'Au Grand Jour', '_Manager', 'Offtrade', '788651922', '-', 'Nyabugogo', '-1.944135', '30.061790', '---', '---'),
(196, 'Cécile Shop', 'Cécile', 'Offtrade', '783199441', '-', 'Nyabugogo', '-1.944135', '30.061790', '---', '---'),
(197, 'Francine Shop', 'Albert', 'Offtrade', '788300367', '-', 'Nyabugogo', '-1.944135', '30.061790', '---', '---'),
(198, 'Verca Ltd', 'William', 'Offtrade', '788356079', '-', 'Nyabugogo', '-1.944135', '30.061790', '---', '---'),
(199, 'Boutique Niyo', 'Cash Cash', 'Offtrade', '788522241', '-', 'Nyabugogo', '-1.944135', '30.061790', '---', '---'),
(201, 'Sawa Citi Giticinyoni', 'Charles', 'Offtrade', '782648776', '-', 'Nyabugogo', '-1.944135', '30.061790', '---', '---'),
(202, 'Delica', 'Delice', 'Offtrade', '780752246', '-', 'Nyabugogo', '-1.944135', '30.061790', '---', '---'),
(203, 'Green Corner Mini-Market', 'Emmanuel', 'Offtrade', '788645614', '-', 'Kimisagara', '-1.944135', '30.061790', '---', '---'),
(204, 'Eric Shop', 'Eric', 'Offtrade', '788367523', '-', 'Gikondo', '-1.944135', '30.061790', '---', '---'),
(205, 'Bisangwa Shop', 'Bisangwa', 'Offtrade', '788281393', '-', 'Gikondo', '-1.944135', '30.061790', '---', '---'),
(206, 'Liquor Shop', '_Manager', 'Offtrade', '788299192', '-', 'Gikondo', '-1.944135', '30.061790', '---', '---'),
(207, 'Kazungu Shop', 'Kazungu', 'Offtrade', '788432087', '-', 'Gikondo', '-1.944135', '30.061790', '---', '---'),
(208, 'Sure Shop', 'Christian', 'Offtrade', '785788572', '-', 'Gikondo', '-1.944135', '30.061790', '---', '---'),
(209, 'Spiriton', 'Nana', 'Offtrade', '788629396', '-', 'Gikondo', '-1.944135', '30.061790', '---', '---'),
(210, 'Samuel Shop', 'Samuel', 'Offtrade', '789332507', '-', 'Rebero Miduha', '-1.944135', '30.061790', '---', '---'),
(211, 'Hakizimana', 'Hakizimana', 'Offtrade', '788498842', '-', 'Rebero Miduha', '-1.944135', '30.061790', '---', '---'),
(212, 'Oasis', 'Desiré', 'Offtrade', '788829398', '-', 'Kanombe', '-1.944135', '30.061790', '---', '---'),
(213, 'Red Apple Supermarket', 'Claude', 'Offtrade', '788892611', '-', 'Kanombe', '-1.944135', '30.061790', '---', '---'),
(214, 'Home Of Skol Wines&Liquors', '_Manager', 'Offtrade', '788270300', '-', 'Kanombe', '-1.944135', '30.061790', '---', '---'),
(215, 'One Stop Shopping', 'Joachim Manager', 'Offtrade', '788214941', '-', 'Kanombe', '-1.944135', '30.061790', '---', '---'),
(216, 'Sylvie Liquor Store', 'Sylvie', 'Offtrade', '788270300', '-', 'Kanombe', '-1.944135', '30.061790', '---', '---'),
(217, 'Pascal Shop', 'Pascal', 'Offtrade', '788529451', '-', 'Kanombe', '-1.944135', '30.061790', '---', '---'),
(218, 'Hirema Company', '_Manager', 'Offtrade', '787594394', '-', 'Kanombe', '-1.944135', '30.061790', '---', '---'),
(219, 'Amahoro Shop', 'Clemence', 'Offtrade', '788534519', '-', 'Kanombe', '-1.944135', '30.061790', '---', '---'),
(220, 'Hello Market', '_Manager', 'Offtrade', '785379416', '-', 'Kanombe', '-1.944135', '30.061790', '---', '---'),
(221, 'Magufuri Shop', '_Manager', 'Offtrade', '788909579', '-', 'Kanombe', '-1.944135', '30.061790', '---', '---'),
(222, 'Sylvain Shop', 'Sylvain', 'Offtrade', '788270300', '-', 'Kanombe', '-1.944135', '30.061790', '---', '---'),
(223, 'Innocent Shop', 'Innocent', 'Offtrade', '781198223', '-', 'Kanombe', '-1.944135', '30.061790', '---', '---'),
(224, 'Grace  Shop', 'Grace', 'Offtrade', '784062443', '-', 'Kanombe', '-1.944135', '30.061790', '---', '---'),
(225, 'Kazungu Shop', 'Alex', 'Offtrade', '788466301', '-', 'Kanombe', '-1.944135', '30.061790', '---', '---'),
(226, 'Naomie Shop', 'Naomie', 'Offtrade', '783236887', '-', 'Kanombe', '-1.944135', '30.061790', '---', '---'),
(227, 'Red Apple Supermarket', 'Claude', 'Offtrade', '788892611', '-', 'Kanombe', '-1.944135', '30.061790', '---', '---'),
(228, 'Joseph Liquor Shop', 'Joseph', 'Offtrade', '788395928', '-', 'Kanombe', '-1.944135', '30.061790', '---', '---'),
(229, 'Kazungu Shop', 'Kazungu', 'Offtrade', '788583932/', '-', 'Kabuga', '-1.944135', '30.061790', '---', '---'),
(230, 'Nt Supermarket', '_Manager', 'Offtrade', '788840684', '-', 'Kabuga', '-1.944135', '30.061790', '---', '---'),
(231, 'M&C Supply', '_Manager', 'Offtrade', '788316628', '-', 'Kabuga', '-1.944135', '30.061790', '---', '---'),
(232, 'Vestine Shop', 'Vestine', 'Offtrade', '783034854', '-', 'Kabuga', '-1.944135', '30.061790', '---', '---'),
(233, 'Liquor Store', 'Alice', 'Offtrade', '787670033', '-', 'Kabuga', '-1.944135', '30.061790', '---', '---'),
(234, 'Oliba Supermarket', 'Fiona', 'Offtrade', '788418396', '-', 'Kabuga', '-1.944135', '30.061790', '---', '---'),
(235, 'German Butchery', 'Gatou', 'Offtrade', '788851428', '-', 'Nyarugenge', '-1.944135', '30.061790', '---', '---'),
(236, 'La Galette', 'Fifi', 'Offtrade', '788861654', '-', 'Nyarugenge', '-1.944135', '30.061790', '---', '---'),
(237, 'Kimé', 'Alain', 'Offtrade', '786416658', '-', 'Nyarugenge', '-1.950885687663046', '30.05838815200724', '---', '---'),
(238, 'Simba Supermarket( Centenary)', 'Peter', 'Offtrade', '788647299', '-', 'Nyarugenge', '-1.944135', '30.061790', '---', '---'),
(239, 'Simba Supermarket (City center', 'Sam', 'Offtrade', '784686026', '-', 'Nyarugenge', '-1.9460211013671227', '30.059888536138317', '---', '---'),
(240, 'Deli Store Sopetrade', '_Manager', 'Offtrade', '', '-', 'Nyarugenge', '-1.944135', '30.061790', '---', '---'),
(241, 'Deli Store Town', '_Manager', 'Offtrade', '', '-', 'Nyarugenge', '-1.944135', '30.061790', '---', '---'),
(242, 'Sharma Supermarket', '_Manager', 'Offtrade', '788442279', '-', 'Nyarugenge', '-1.946160822925691', '30.060947898800265', '---', '---'),
(243, 'Mango Supermarket', 'King James/ Christine', 'Offtrade', '730397671/', '-', 'Nyamirambo', '-1.944135', '30.061790', '---', '---'),
(244, 'Alimentation Laveridille', 'Innocent', 'Offtrade', '782591000', '-', 'Nyamirambo', '-1.9395654834531655', '30.062080579729354', '---', '---'),
(245, 'Happy Mart', 'Charles', 'Offtrade', '784166760', '-', 'Nyamirambo', '-1.9749833832741928', '30.05138274497733', '---', '---'),
(246, 'Familly Mart Supermarket', 'Moses', 'Offtrade', '781449168', '-', 'Gikondo', '-1.944135', '30.061790', '---', '---'),
(247, 'Vege Supermarket', '_Manager', 'Offtrade', '788504512', '-', 'Gikondo', '-1.944135', '30.061790', '---', '---'),
(248, 'M&G ', '_Manager', 'Offtrade', '788768820', '-', 'Gikondo', '-1.9725191121036971', '30.075274802948258', '---', '---'),
(249, 'Convenience Mini Market', '_Manager', 'Offtrade', '782591000', '-', 'Gikondo', '-1.944135', '30.061790', '---', '---'),
(250, 'Le Prestige', '_Manager', 'Offtrade', '788453473', '-', 'Gikondo', '-1.944135', '30.061790', '---', '---'),
(251, 'Teta Shop', '_Manager', 'Offtrade', '785716728', '-', 'Gikondo', '-1.944135', '30.061790', '---', '---'),
(252, 'La Cochette Boutique', 'Aline', 'Offtrade', '788567736', '-', 'REBERO', '-1.944135', '30.061790', '---', '---'),
(253, 'Super One Foods Supermarket', '_Manager', 'Offtrade', '785140703', '-', 'Kiyovu', '-1.944135', '30.061790', '---', '---'),
(254, 'La Gardienne', 'Florence', 'Offtrade', '788692087', '-', 'Kiyovu', '-1.944135', '30.061790', '---', '---'),
(255, 'Habari trading', 'Cito', 'Offtrade', '786933508', '-', 'Kiyovu', '-1.944135', '30.061790', '---', '---'),
(256, 'Vista Supermarket', 'Emmanuel Nyirinkindi', 'Offtrade', '788211519', '-', 'Kacyiru', '-1.944135', '30.061790', '---', '---'),
(257, 'Alimentation Le Panier', 'Claude', 'Offtrade', '781818576', '-', 'Kacyiru', '-1.944135', '30.061790', '---', '---'),
(258, 'Crystal Supermarket', 'Helène', 'Offtrade', '788322304', '-', 'Kacyiru', '-1.944135', '30.061790', '---', '---'),
(259, 'Alimentation La nouvelle Sourc', '_Manager', 'Offtrade', '788452030', '-', 'Kacyiru', '-1.944135', '30.061790', '---', '---'),
(260, 'Simba Supermarket( KH )', 'Mike', 'Offtrade', '787485296', '-', 'Kimihurura', '-1.944135', '30.061790', '---', '---'),
(261, 'Patel Supermarket', '_Manager', 'Offtrade', '788665800', '-', 'Kimihurura', '-1.944135', '30.061790', '---', '---'),
(262, 'Soul Wines Ltd', 'Gerald Sezibera', 'Offtrade', '788308020', '-', 'Kimihurura', '-1.944135', '30.061790', '---', '---'),
(263, 'Vestine shop', 'Vestine', 'Offtrade', '788607791', '-', 'Kimihurura', '-1.944135', '30.061790', '---', '---'),
(264, 'Corner Supermarket Ltd', 'Jeannine', 'Offtrade', '788302020', '-', 'Gacuriro', '-1.924927074016324', '30.097170273923012', '---', '---'),
(265, 'SAVERS SUPERMAKET', 'Sifah', 'Offtrade', '783830460', '-', 'Gacuriro', '-1.944135', '30.061790', '---', '---'),
(266, 'TITUS SUPERMARKET', 'Jeannine', 'Offtrade', '788302020', '-', 'Gacuriro', '-1.944135', '30.061790', '---', '---'),
(267, 'Once upon on Bottle Ltd', 'Danny', 'Offtrade', '787331533', '-', 'Gacuriro', '-1.9202651158828843', '30.097154255089123', '---', '---'),
(268, 'Safa Bakery', 'Shema', 'Offtrade', '786017431', '-', 'Gacuriro', '-1.944135', '30.061790', '---', '---'),
(269, 'Kigali Buchery', 'Anselme', 'Offtrade', '788300707', '-', 'Nyarutarama', '-1.944135', '30.061790', '---', '---'),
(270, 'Good Sun Supermarket', 'Françoise', 'Offtrade', '788879011', '-', 'Nyarutarama', '-1.944135', '30.061790', '---', '---'),
(271, 'Dmall Supermarket', 'Nancy', 'Offtrade', '786258279', '-', 'Nyarutarama', '-1.944135', '30.061790', '---', '---'),
(272, 'Sandy`s Shop', 'Sandra', 'Offtrade', '788403005', '-', 'Nyarutarama', '-1.944135', '30.061790', '---', '---'),
(273, 'Bright store Ltd', 'Bosco', 'Offtrade', '785450052', '-', 'Nyarutarama', '-1.944135', '30.061790', '---', '---'),
(274, 'Simba Supermarket', 'Frezghi', 'Offtrade', '786058485', '-', 'Gishushu', '-1.9537338966418218', '30.098243864395414', '---', '---'),
(275, 'Sawa Citi Remera', 'Abu', 'Offtrade', '788300986', '-', 'Remera', '-1.944135', '30.061790', '---', '---'),
(276, 'Ganza Supermarket (Sonatube)', 'Robert Mutabazi', 'Offtrade', '788630062', '-', 'Remera', '-1.944135', '30.061790', '---', '---'),
(277, 'Ndoli Supermarket', 'Fred', 'Offtrade', '789056531', '-', 'Remera', '-1.944135', '30.061790', '---', '---'),
(278, 'Zimano Supermarket', '_Manager', 'Offtrade', '788574536', '-', 'Remera', '-1.944135', '30.061790', '---', '---'),
(279, 'Amigo Supermarket', 'Mme Albert', 'Offtrade', '788555150', '-', 'Remera', '-1.944135', '30.061790', '---', '---'),
(280, 'Best Friends Supermarket', 'Charles', 'Offtrade', '788539460', '-', 'Remera', '-1.944135', '30.061790', '---', '---'),
(281, 'Terrassa', 'Dr Joseph', 'Offtrade', '788302821', '-', 'Remera', '-1.944135', '30.061790', '---', '---'),
(282, 'Hot Shot', 'Manzi', 'Offtrade', '788202771', '-', 'Remera', '-1.944135', '30.061790', '---', '---'),
(283, 'Liège', 'Marie Ange', 'Offtrade', '789292692', '-', 'Remera', '-1.944135', '30.061790', '---', '---'),
(284, 'Nana`s Wines & Spirits Corner', 'Scovia', 'Offtrade', '788622554', '-', 'Remera', '-1.944135', '30.061790', '---', '---'),
(285, 'The Liquor Store(Gaga)', 'Gaga', 'Offtrade', '788308016', '-', 'Remera', '-1.944135', '30.061790', '---', '---'),
(286, 'The Big Wines & Liquors', 'James', 'Offtrade', '788831317', '-', 'Remera', '-1.944135', '30.061790', '---', '---'),
(287, 'Ndoli Supermarket', 'Fred', 'Offtrade', '789056531', '-', 'Remera', '-1.944135', '30.061790', '---', '---'),
(288, 'Chez Marg', 'Marguerite', 'Offtrade', '788303927', '-', 'Remera', '-1.944135', '30.061790', '---', '---'),
(289, 'Tamu Food & Beverages Ltd', 'Jude', 'Offtrade', '788525955', '-', 'Remera', '-1.944135', '30.061790', '---', '---'),
(290, 'Spot 6', 'Aima', 'Offtrade', '783523034', '-', 'Remera', '-1.944135', '30.061790', '---', '---'),
(291, 'Alep Business company', 'Arielle', 'Offtrade', '786012269', '-', 'Remera', '-1.944135', '30.061790', '---', '---'),
(292, 'The House Liquor Store', 'Daddy', 'Offtrade', '788218029', '-', 'Remera', '-1.944135', '30.061790', '---', '---'),
(293, 'Urban Liquor Store', 'James', 'Offtrade', '787174599', '-', 'Remera', '-1.944135', '30.061790', '---', '---'),
(294, 'Emma`S Choice & Supplies Ltd', 'Emmanuel ', 'Offtrade', '788725970', '-', 'Remera', '-1.944135', '30.061790', '---', '---'),
(295, 'Kay Suppliers', 'Alex/Flora', 'Offtrade', '785712203/', '-', 'Remera', '-1.944135', '30.061790', '---', '---'),
(296, 'Amigo Supermarket', 'Mme Albert', 'Offtrade', '788555150', '-', 'Remera', '-1.944135', '30.061790', '---', '---'),
(297, 'The Liquor Tap', 'Sophie', 'Offtrade', '788765119', '-', 'Remera', '-1.944135', '30.061790', '---', '---'),
(298, 'Rebirth', 'Medi', 'Offtrade', '783865585', '-', 'Remera', '-1.944135', '30.061790', '---', '---'),
(299, 'Best Way Supermarket', 'Desiré', 'Offtrade', '788868844', '-', 'Remera', '-1.944135', '30.061790', '---', '---'),
(300, 'Drip Drop', 'Franck', 'Offtrade', '783085509', '-', 'Remera', '-1.944135', '30.061790', '---', '---'),
(301, 'CHAMPION BEVERAGE STORE', 'Edouard', 'Offtrade', '788555269', '-', 'Remera', '-1.944135', '30.061790', '---', '---'),
(302, 'El Camino', 'Eric', 'Offtrade', '783559956', '-', 'Remera', '-1.944135', '30.061790', '---', '---'),
(303, 'M Beverages', 'Umutesi Christine', 'Offtrade', '785992372', '-', 'Remera', '-1.944135', '30.061790', '---', '---'),
(304, 'King Wines Company', 'King', 'Offtrade', '787158352', '-', 'Remera', '-1.944135', '30.061790', '---', '---'),
(305, 'Best Friends Supermarket', 'Charles', 'Offtrade', '788539460', '-', 'Remera', '-1.944135', '30.061790', '---', '---'),
(306, 'RGM INVZ Ltd', 'Emma', 'Offtrade', '783523034', '-', 'Remera', '-1.944135', '30.061790', '---', '---'),
(307, 'MKS ', 'Steven', 'Offtrade', '788268623', '-', 'Remera', '-1.944135', '30.061790', '---', '---'),
(308, 'M&J Distributors', 'Antoinette', 'Offtrade', '788447804', '-', 'Remera', '-1.944135', '30.061790', '---', '---'),
(309, 'Rosine shop', 'Rosine', 'Offtrade', '783694803', '-', 'Remera', '-1.944135', '30.061790', '---', '---'),
(310, 'Zazou', 'Michaella', 'Offtrade', '788918824', '-', 'Remera', '-1.944135', '30.061790', '---', '---'),
(311, 'Liquor House', 'Anthony', 'Offtrade', '788485633', '-', 'Remera', '-1.944135', '30.061790', '---', '---'),
(312, 'Camino', 'Momo', 'Offtrade', '788824036', '-', 'Remera', '-1.944135', '30.061790', '---', '---'),
(313, 'Nero Agencies', 'Reggy/Rodrigue', 'Offtrade', '783114532/', '-', 'Remera', '-1.944135', '30.061790', '---', '---'),
(314, '', 'Michel', 'Offtrade', '788607412', '-', 'Remera', '-1.944135', '30.061790', '---', '---'),
(315, 'E&J Wines', 'Ernest/Joy', 'Offtrade', '788312338/', '-', 'Remera', '-1.944135', '30.061790', '---', '---'),
(316, 'Moses', '_Manager', 'Offtrade', '786675564', '-', 'Remera', '-1.944135', '30.061790', '---', '---'),
(317, 'Carrier Global', 'Emmanuel Nyambaje', 'Offtrade', '788489039', '-', 'Remera', '-1.944135', '30.061790', '---', '---'),
(318, 'Dallas Caw boys', 'Pacifique', 'Offtrade', '781921966', '-', 'Remera', '-1.944135', '30.061790', '---', '---'),
(319, 'Champion liquor store', 'Alexis', 'Offtrade', '788430597', '-', 'Remera', '-1.944135', '30.061790', '---', '---'),
(320, 'Best Way Supermarket', 'Desiré', 'Offtrade', '788868844', '-', 'Remera', '-1.944135', '30.061790', '---', '---'),
(321, 'Didi`s Liquor store', 'Diane', 'Offtrade', '788354012', '-', 'Remera', '-1.944135', '30.061790', '---', '---'),
(322, 'JM Liquor Isange', 'Dushimirrimana Jean-Marie Vian', 'Offtrade', '788666513', '-', 'Remera', '-1.944135', '30.061790', '---', '---'),
(323, 'La Croisièrre', '_Manager', 'Offtrade', '781888165', '-', 'Remera', '-1.944135', '30.061790', '---', '---'),
(324, 'EXC Pro Services', 'Manzi', 'Offtrade', '788239455', '-', 'Remera', '-1.944135', '30.061790', '---', '---'),
(325, 'Castle liquor store', 'Salomon', 'Offtrade', '788751174', '-', 'Remera', '-1.944135', '30.061790', '---', '---'),
(326, 'Imma Liquors', 'Evodia', 'Offtrade', '788552035', '-', 'Remera', '-1.944135', '30.061790', '---', '---'),
(327, 'Griffin Liquor store', 'Sharon', 'Offtrade', '780266646', '-', 'Remera', '-1.944135', '30.061790', '---', '---'),
(328, 'EURO MART SUPERMARKET', 'Laurent', 'Offtrade', '783112139', '-', 'Kicukiro', '-1.944135', '30.061790', '---', '---'),
(329, 'The Hut Store', '_Manager', 'Offtrade', '788304788', '-', 'Kicukiro', '-1.944135', '30.061790', '---', '---'),
(330, 'Alimentation MD', 'Peter', 'Offtrade', '788387828', '-', 'Kicukiro', '-1.944135', '30.061790', '---', '---'),
(331, 'Noden Supermarket', 'Tina', 'Offtrade', '783614241', '-', 'Kicukiro', '-1.944135', '30.061790', '---', '---'),
(332, 'Bolifica Liquor store', 'Bona', 'Offtrade', '781882500', '-', 'Kicukiro', '-1.944135', '30.061790', '---', '---'),
(333, 'Simba Supermarket', 'Franck', 'Offtrade', '788548187', '-', 'Kicukiro', '-1.944135', '30.061790', '---', '---'),
(334, 'Simba Supermarket ', 'Raphaël', 'Offtrade', '781293997', '-', 'Kimironko', '-1.9497823920283253', '30.124737462511803', '---', '---'),
(335, 'IGIHOZO SUPERMAKERT', '_Manager', 'Offtrade', '788462258', '-', 'Kimironko', '-1.9411540977992559', '30.057863246001716', '---', '---'),
(336, 'Ihirwe Elisa Shop', '_Manager', 'Offtrade', '785482359', '-', 'Kimironko', '-1.944135', '30.061790', '---', '---'),
(337, 'Deluxe Supermarket', 'Theogène Niyigena', 'Offtrade', '786287234', '-', 'Kimironko', '-1.944135', '30.061790', '---', '---'),
(338, 'SJ Marine Supermarket', 'Shemeza Jean Baptiste', 'Offtrade', '788416180', '-', 'Kimironko', '-1.944135', '30.061790', '---', '---'),
(339, 'Four Brothers', 'Mupenzi', 'Offtrade', '788486425', '-', 'Kimironko', '-1.944135', '30.061790', '---', '---'),
(340, 'Olecia', 'Rachelle', 'Offtrade', '784289796', '-', 'Kimironko', '-1.944135', '30.061790', '---', '---'),
(341, 'Ganza Mini Market', '_Manager', 'Offtrade', '788630062', '-', 'Kimironko', '-1.944135', '30.061790', '---', '---'),
(342, 'Krishna Supermarket', 'Mike', 'Offtrade', '783072079', '-', 'Kimironko', '-1.944135', '30.061790', '---', '---'),
(343, 'I&S Mini market', 'Florence', 'Offtrade', '780534404', '-', 'Kimironko', '-1.9428064063398836', '30.136880218828537', '---', '---'),
(344, 'Intego Supermarket', 'Vedaste', 'Offtrade', '788370588', '-', 'Kimironko', '-1.944135', '30.061790', '---', '---'),
(345, 'Alpha Shop', '_Manager', 'Offtrade', '785712396', '-', 'Kimironko', '-1.944135', '30.061790', '---', '---'),
(346, 'T&T Supermarket', 'Dénis', 'Offtrade', '788594405', '-', 'Kimironko', '-1.944135', '30.061790', '---', '---'),
(347, 'Japax Supermarket', '_Manager', 'Offtrade', '788351602', '-', 'Kimironko', '-1.944135', '30.061790', '---', '---'),
(348, 'Foodland', '_Manager', 'Offtrade', '788502585', '-', 'Kabeza', '-1.944135', '30.061790', '---', '---'),
(349, 'Lissaz Supermarket', '_Manager', 'Offtrade', '788770438', '-', 'Kabeza', '-1.944135', '30.061790', '---', '---'),
(350, 'Solution Supermarket', '_Manager', 'Offtrade', '788792025', '-', 'Kibagabaga', '-1.944135', '30.061790', '---', '---'),
(351, 'GENECOM Ltd', 'Chartine', 'Offtrade', '788441066', '-', 'Kibagabaga', '-1.944135', '30.061790', '---', '---'),
(352, 'DV Supermarket', 'Benjamen', 'Offtrade', '788301023', '-', 'Kibagabaga', '-1.944135', '30.061790', '---', '---'),
(353, 'Shop&Save ', '_Manager', 'Offtrade', '78673524', '-', 'Kibagabaga', '-1.944135', '30.061790', '---', '---'),
(354, 'Samba Supermarket', 'Rusi', 'Offtrade', '785774094', '-', 'Kibagabaga', '-1.944135', '30.061790', '---', '---'),
(355, 'Best Way Supermarket', 'Piyush', 'Offtrade', '785163614', '-', 'Kibagabaga', '-1.944135', '30.061790', '---', '---'),
(356, 'SEBA GROUP', 'Athanase', 'Offtrade', '788308223', '-', 'Kiyovu', '-1.944135', '30.061790', '---', '---'),
(357, 'Umunyinya Supermarket', 'Patrick', 'Offtrade', '788304797', '-', 'Rusororo', '-1.944135', '30.061790', '---', '---'),
(358, '_Empty1', '_Manager', 'Offtrade', '', '-', '_Empty', '-1.944135', '30.061790', '---', '---'),
(359, 'Jambo Supermarket', 'Abraham', 'Offtrade', '781464970', '-', 'Rubavu', '-1.944135', '30.061790', '---', '---'),
(360, '_Empty2', '_Manager', 'Offtrade', '', '-', '_Empty', '-1.944135', '30.061790', '---', '---'),
(361, 'Deluxe Supermarket', 'Ildephonse', 'Offtrade', '785795277', '-', 'Musanze', '-1.944135', '30.061790', '---', '---');

-- --------------------------------------------------------

--
-- Table structure for table `b2b_outlet2`
--

DROP TABLE IF EXISTS `b2b_outlet2`;
CREATE TABLE IF NOT EXISTS `b2b_outlet2` (
  `id` int(10) NOT NULL DEFAULT '0',
  `name_outlet` varchar(35) NOT NULL DEFAULT '',
  `manager_outlet` varchar(35) NOT NULL,
  `type_outlet` varchar(35) NOT NULL DEFAULT '',
  `phone_outlet` varchar(10) NOT NULL DEFAULT '',
  `email_outlet` varchar(50) NOT NULL DEFAULT '',
  `location_outlet` varchar(35) NOT NULL DEFAULT '',
  `gps_latitude_outlet` varchar(36) NOT NULL DEFAULT '',
  `gps_longitude_outlet` varchar(35) NOT NULL,
  `login_outlet` varchar(35) NOT NULL,
  `passcode_outlet` varchar(35) NOT NULL
) ENGINE=MyISAM DEFAULT CHARSET=latin1;

--
-- Dumping data for table `b2b_outlet2`
--

INSERT INTO `b2b_outlet2` (`id`, `name_outlet`, `manager_outlet`, `type_outlet`, `phone_outlet`, `email_outlet`, `location_outlet`, `gps_latitude_outlet`, `gps_longitude_outlet`, `login_outlet`, `passcode_outlet`) VALUES
(1, 'Phoenix', 'Lili', '10', '078789658', '_', 'Free Zone', '-1.944135', '30.061790', '_', '_'),
(2, 'Sawa Citi', '_', '10', '0785424254', '_', 'Free Zone', '-1.944135', '30.061790', 'sawaciti', 't1lpH2nOlqXmo'),
(3, 'Country INN', '_', '9', '0785354682', '_', 'Gacuriro', '-1.944135', '30.061790', '_', '_'),
(4, 'Hotel Red', 'Chantal', '9', '0788308235', '_', 'Gacuriro', '-1.944135', '30.061790', '_', '_'),
(5, 'Once upon on Bottle Ltd', 'Danny', '10', '0787331533', '_', 'Gacuriro', '-1.944135', '30.061790', '_', '_'),
(6, 'Safa Bakery', 'Shema', '10', '0786017431', '_', 'Gacuriro', '-1.944135', '30.061790', '_', '_'),
(7, 'SAVERS SUPERMAKET', 'Sifah', '10', '0783830460', '_', 'Gacuriro', '-1.944135', '30.061790', '_', '_'),
(8, 'Bisangwa shop', 'Bisangwa', '10', '0788281393', '_', 'Gikondo', '-1.944135', '30.061790', '_', '_'),
(9, 'Convenience Mini Market', '_', '10', '0782591000', '_', 'Gikondo', '-1.944135', '30.061790', '_', '_'),
(10, 'Eric Shop', 'Eric', '10', '0788367523', '_', 'Gikondo', '-1.944135', '30.061790', '_', '_'),
(11, 'Familly Mart Supermarket', 'Moses', '10', '0781449168', '_', 'Gikondo', '-1.944135', '30.061790', '_', '_'),
(12, 'Kazungu Shop', 'Kazungu', '10', '0788432087', '_', 'Gikondo', '-1.944135', '30.061790', '_', '_'),
(13, 'Le Prestige', '_', '10', '0788453473', '_', 'Gikondo', '-1.944135', '30.061790', '_', '_'),
(14, 'Liquor Shop', '_', '10', '0788299192', '_', 'Gikondo', '-1.944135', '30.061790', '_', '_'),
(15, 'Liquor Store', 'Assoumpta', '10', '0788299192', '_', 'Gikondo', '-1.944135', '30.061790', '_', '_'),
(16, 'M & G', '_', '10', '0788768820', '_', 'Gikondo', '-1.944135', '30.061790', '_', '_'),
(17, 'SpiritOn', 'Nana', '10', '0788629396', '_', 'Gikondo', '-1.944135', '30.061790', '_', '_'),
(18, 'Sure Shop', 'Christian', '10', '0785788572', '_', 'Gikondo', '-1.944135', '30.061790', '_', '_'),
(19, 'Teta Shop', '_', '10', '0785716728', '_', 'Gikondo', '-1.944135', '30.061790', '_', '_'),
(20, 'Vege Supermarket', '_', '10', '0788504512', '_', 'Gikondo', '-1.944135', '30.061790', '_', '_'),
(21, '_ Télesphore', 'Télesphore', '10', '0788509678', '_', 'Giporoso', '-1.944135', '30.061790', '_', '_'),
(22, 'Chez Papa & Maman Guiness', 'Vincent', '9', '0788263905', '_', 'Giporoso', '-1.944135', '30.061790', '_', '_'),
(23, 'East African Store', 'Chris', '10', '0788568847', '_', 'Giporoso', '-1.944135', '30.061790', '_', '_'),
(24, 'Exch & Pro Services', 'Betty', '10', '0788442394', '_', 'Giporoso', '-1.944135', '30.061790', '_', '_'),
(25, 'Simba Supermarket', 'Frezghi', '10', '0786058485', '_', 'Gishushu', '-1.944135', '30.061790', '_', '_'),
(26, 'Tany`s', 'Tania', '9', '0788500635', '_', 'Gishushu', '-1.944135', '30.061790', '_', '_'),
(27, 'Café de Gisozi', '_', '10', '0788547044', '_', 'Gisozi', '-1.944135', '30.061790', '_', '_'),
(28, 'KGL BAR', 'Elijah Karisimbi', '9', '0783035583', '_', 'Gisozi', '-1.944135', '30.061790', '_', '_'),
(29, '_ Misago', 'Misago', '10', '0788563094', '_', 'Huye', '-1.944135', '30.061790', '_', '_'),
(30, '4J Supply Services', 'Agn&egrave;s', '7', '0788865067', '_', 'Huye', '-1.944135', '30.061790', '_', 't10WDyGbvBZA6'),
(31, 'Benediction from God', '_', '10', '', '_', 'Huye', '-1.944135', '30.061790', '_', '_'),
(32, 'Cigogne Investment ltd', 'Campion', '10', '0788323000', '_', 'Huye', '-1.944135', '30.061790', '_', '_'),
(33, 'Eldorado', 'Aline', '10', '0788528404', '_', 'Huye', '-1.944135', '30.061790', '_', '_'),
(34, 'Happiness Star Hotel', 'Ruzinana Evariste', '10', '0785160044', '_', 'Huye', '-1.944135', '30.061790', '_', '_'),
(35, 'Huye Centre Market', '_', '10', '', '_', 'Huye', '-1.944135', '30.061790', '_', '_'),
(36, 'Ituze Boutique', '_', '10', '0786777690', '_', 'Huye', '-1.944135', '30.061790', '_', '_'),
(37, 'Toujours Frais', 'Ariane', '10', '0789942515', '_', 'Huye', '-1.944135', '30.061790', '_', '_'),
(38, 'Unlock liquors & Wines', '_', '10', '0787248547', '_', 'Huye', '-1.944135', '30.061790', '_', '_'),
(39, 'Zodiaque', '_', '10', '0782846189', '_', 'Huye', '-1.944135', '30.061790', '_', '_'),
(40, 'Big James', 'James', '10', '0788831317', '_', 'Kabeza', '-1.944135', '30.061790', '_', '_'),
(41, 'Cash Cash', 'Cash', '10', '0788468106', '_', 'Kabeza', '-1.944135', '30.061790', '_', '_'),
(42, 'Chez Maman Betty', '_', '10', '0788442394', '_', 'Kabeza', '-1.944135', '30.061790', '_', '_'),
(43, 'Emma Fresh & Green Liquor', '_', '10', '0783816956', '_', 'Kabeza', '-1.944135', '30.061790', '_', '_'),
(44, 'Foodland', '_', '10', '0788502585', '_', 'Kabeza', '-1.944135', '30.061790', '_', '_'),
(45, 'InBox wines & liquor', 'Boniface', '10', '0788222056', '_', 'Kabeza', '-1.944135', '30.061790', '_', '_'),
(46, 'Isange Boutique', 'Innocent', '10', '0788468106', '_', 'Kabeza', '-1.944135', '30.061790', '_', '_'),
(47, 'Ku Mucyo', 'Barahira', '10', '0789795493', '_', 'Kabeza', '-1.944135', '30.061790', '_', '_'),
(48, 'Lissaz Mini Market', 'Clémentine', '10', '0788770438', '_', 'Kabeza', '-1.944135', '30.061790', '_', '_'),
(49, 'Kazungu Shop', 'Kazungu', '10', '0788583932', '_', 'Kabuga', '-1.944135', '30.061790', '_', '_'),
(50, 'Liquor Store', 'Alice', '10', '0787670033', '_', 'Kabuga', '-1.944135', '30.061790', '_', '_'),
(51, 'M & C Supply', '_', '10', '0788316628', '_', 'Kabuga', '-1.944135', '30.061790', '_', '_'),
(52, 'NT Supermarket', '_', '10', '0788840684', '_', 'Kabuga', '-1.944135', '30.061790', '_', '_'),
(53, 'Vestine shop', 'Vestine', '10', '0783034854', '_', 'Kabuga', '-1.944135', '30.061790', '_', '_'),
(54, 'Alimentation La nouvelle Source', '_', '10', '0788452030', '_', 'Kacyiru', '-1.944135', '30.061790', '_', '_'),
(55, 'Alimentation Le Panier', 'Claude', '10', '0781818576', '_', 'Kacyiru', '-1.944135', '30.061790', '_', '_'),
(56, 'Coffee Break', 'Olivier', '9', '0788848396', '_', 'Kacyiru', '-1.944135', '30.061790', '_', '_'),
(57, 'Crystal Supermarket', 'Helène', '10', '0788322304', '_', 'Kacyiru', '-1.944135', '30.061790', '_', '_'),
(58, 'GR Supply', 'Gentil', '10', '0788887973', '_', 'Kacyiru', '-1.944135', '30.061790', '_', '_'),
(59, 'IWAWE HOTEL', '_', '9', '0788302114', '_', 'Kacyiru', '-1.944135', '30.061790', '_', '_'),
(60, 'Kabana', 'Yacine', '9', '0788504647', '_', 'Kacyiru', '-1.944135', '30.061790', '_', '_'),
(61, 'Light in Darkeness', 'Niyomugabo', '10', '0788230655', '_', 'Kacyiru', '-1.944135', '30.061790', '_', '_'),
(62, 'Vista Supermarket', 'Emmanuel Nyirinkindi', '10', '0788211519', '_', 'Kacyiru', '-1.944135', '30.061790', '_', '_'),
(63, 'Home of Skol Wines & Liquors', '_', '10', '0788270300', '_', 'Kanombe', '-1.944135', '30.061790', '_', '_'),
(64, 'Innocent Shop', 'Innocent', '10', '0781198223', '_', 'Kanombe', '-1.944135', '30.061790', '_', '_'),
(65, 'Joseph liquor Shop', 'Joseph', '10', '0788395928', '_', 'Kanombe', '-1.944135', '30.061790', '_', '_'),
(66, 'Oasis', 'Desiré', '10', '0788829398', '_', 'Kanombe', '-1.944135', '30.061790', '_', '_'),
(67, 'One Stop Shopping', 'Joachim manager', '10', '0788214941', '_', 'Kanombe', '-1.944135', '30.061790', '_', '_'),
(68, 'Pascal shop', 'Pascal', '10', '0788529451', '_', 'Kanombe', '-1.944135', '30.061790', '_', '_'),
(69, 'RED APPLE SUPERMARKET', 'Claude', '10', '0788892611', '_', 'Kanombe', '-1.944135', '30.061790', '_', '_'),
(70, 'Sylvie Liquor Store', 'Sylvie', '10', '0788270300', '_', 'Kanombe', '-1.944135', '30.061790', '_', '_'),
(71, 'ABG', 'Sudin', '10', '0786580708', '_', 'Karuruma', '-1.944135', '30.061790', '_', '_'),
(72, 'Rutunga New life company', 'Alphonse', '10', '0788323148', '_', 'Karuruma', '-1.944135', '30.061790', '_', '_'),
(73, 'Best Way Supermarket', 'Piyush', '10', '0785163614', '_', 'Kibagabaga', '-1.944135', '30.061790', '_', '_'),
(74, 'DV Supermarket', 'Benjamen', '10', '0788301023', '_', 'Kibagabaga', '-1.944135', '30.061790', '_', '_'),
(75, 'GENECOM Ltd', 'Chartine', '10', '0788441066', '_', 'Kibagabaga', '-1.944135', '30.061790', '_', '_'),
(76, 'Pili Pili', 'Rudy', '9', '0788585800', '_', 'Kibagabaga', '-1.944135', '30.061790', '_', '_'),
(77, 'Samba Supermarket', 'Rusi', '10', '0785774094', '_', 'Kibagabaga', '-1.944135', '30.061790', '_', '_'),
(78, 'Shop & Save', '_', '10', '078673524', '_', 'Kibagabaga', '-1.944135', '30.061790', '_', '_'),
(79, 'Solution Supermarket', '_', '10', '0788792025', '_', 'Kibagabaga', '-1.944135', '30.061790', '_', '_'),
(80, '_ Michel', 'Michel', '10', '0788613140', '_', 'Kicukiro', '-1.944135', '30.061790', '_', '_'),
(81, 'Alimentation MD', 'Peter', '10', '0788387828', '_', 'Kicukiro', '-1.944135', '30.061790', '_', '_'),
(82, 'B5 Mini-market', 'Viateur', '10', '0788222250', '_', 'Kicukiro', '-1.944135', '30.061790', '_', '_'),
(83, 'Corner Spot Bar & Restaurant', 'Vincent', '9', '0788549114', '_', 'Kicukiro', '-1.944135', '30.061790', '_', '_'),
(84, 'EURO MART SUPERMARKET', 'Laurent', '10', '0783112139', '_', 'Kicukiro', '-1.944135', '30.061790', '_', '_'),
(85, 'Fancy', '_', '10', '0788826892', '_', 'Kicukiro', '-1.944135', '30.061790', '_', '_'),
(86, 'Gwiga', '_', '10', '0786033899', '_', 'Kicukiro', '-1.944135', '30.061790', '_', '_'),
(87, 'Halleuila Mini-Market', '_', '10', '0788322294', '_', 'Kicukiro', '-1.944135', '30.061790', '_', '_'),
(88, 'Ihirwe Elisa Shop', '_', '10', '0785482359', '_', 'Kicukiro', '-1.944135', '30.061790', '_', '_'),
(89, 'Inkindi', 'Rodrigue', '10', '0789195753', '_', 'Kicukiro', '-1.944135', '30.061790', '_', '_'),
(90, 'Iwacu Plus 250 Bar', '_', '10', '0783557174', '_', 'Kicukiro', '-1.944135', '30.061790', '_', '_'),
(91, 'Ketia Kayonga ( Station Kicukiro ce', '_', '10', '0788290182', '_', 'Kicukiro', '-1.944135', '30.061790', '_', '_'),
(92, 'King Wines Company', 'King', '10', '0787158352', '_', 'Kicukiro', '-1.944135', '30.061790', '_', '_'),
(93, 'Liquor DK', 'Agaba', '10', '0788868180', '_', 'Kicukiro', '-1.944135', '30.061790', '_', '_'),
(94, 'Macbuffey', '_', '10', '0781519727', '_', 'Kicukiro', '-1.944135', '30.061790', '_', '_'),
(95, 'Pacy & Sisters Bar Restaurant', 'Gustave', '9', '0785753885', '_', 'Kicukiro', '-1.944135', '30.061790', '_', '_'),
(96, 'Simba Supermarket', 'Franck', '10', '0788548187', '_', 'Kicukiro', '-1.944135', '30.061790', '_', '_'),
(97, 'The Great liquor store', 'Geoffry', '10', '0781579594', '_', 'Kicukiro', '-1.944135', '30.061790', '_', '_'),
(98, 'The Hut Store', '_', '10', '0788304788', '_', 'Kicukiro', '-1.944135', '30.061790', '_', '_'),
(99, 'Toto shop', '_', '10', '0783305542', '_', 'Kicukiro', '-1.944135', '30.061790', '_', '_'),
(100, 'Wakanda 250 Ltd', 'Eric', '9', '0786912800', '_', 'Kicukiro', '-1.944135', '30.061790', '_', '_'),
(101, 'GRAZIA APPARTMENT', 'Pascal', '9', '0788862351', '_', 'Kimihurura', '-1.944135', '30.061790', '_', '_'),
(102, 'Gusto Bar & Restaurant', 'Richard', '9', '0783877042', '_', 'Kimihurura', '-1.944135', '30.061790', '_', '_'),
(103, 'Isoko Star Ltd', '_', '10', '', '_', 'Kimihurura', '-1.944135', '30.061790', '_', '_'),
(104, 'Patel Supermarket', '_', '10', '0788665800', '_', 'Kimihurura', '-1.944135', '30.061790', '_', '_'),
(105, 'Repub Lounge', 'Solange', '9', '0788303030', '_', 'Kimihurura', '-1.944135', '30.061790', '_', '_'),
(106, 'Riders', 'Dorcas', '9', '0787680966', '_', 'Kimihurura', '-1.944135', '30.061790', '_', '_'),
(107, 'Royal Car Wash', 'Edwin', '9', '0784833354', '_', 'Kimihurura', '-1.944135', '30.061790', '_', '_'),
(108, 'Sawa Citi HQ', 'Abu', '10', '0788300986', '_', 'Kimihurura', '-1.944135', '30.061790', '_', '_'),
(109, 'Simba Supermarket( KH )', 'Mike', '10', '0787485296', '_', 'Kimihurura', '-1.944135', '30.061790', '_', '_'),
(110, 'Soul Wines Ltd', 'Gerald Sezibera', '10', '0788308020', '_', 'Kimihurura', '-1.944135', '30.061790', '_', '_'),
(111, 'Sundowner', '_', '9', '0788301922', '_', 'Kimihurura', '-1.944135', '30.061790', '_', '_'),
(112, 'The Hut', '_', '9', '0789806336', '_', 'Kimihurura', '-1.944135', '30.061790', '_', '_'),
(113, 'Vestine shop', 'Vestine', '10', '0788607791', '_', 'Kimihurura', '-1.944135', '30.061790', '_', '_'),
(114, 'Alpha Shop', '_', '10', '0785041305', '_', 'Kimironko', '-1.944135', '30.061790', '_', '_'),
(115, 'Bm-Azmarino', '_', '10', '0788313590', '_', 'Kimironko', '-1.944135', '30.061790', '_', '_'),
(116, 'Bryan & Bertrand', '_', '10', '0788206126', '_', 'Kimironko', '-1.944135', '30.061790', '_', '_'),
(117, 'Deluxe Supermarket', 'Theogène Niyigena', '10', '0786287234', '_', 'Kimironko', '-1.944135', '30.061790', '_', '_'),
(118, 'Four Brothers', 'Mupenzi', '10', '0788486425', '_', 'Kimironko', '-1.944135', '30.061790', '_', '_'),
(119, 'Ganza Mini Market', '_', '10', '0788630062', '_', 'Kimironko', '-1.944135', '30.061790', '_', '_'),
(120, 'Happy Hour Wine & Spirits', 'Anita', '10', '0783782434', '_', 'Kimironko', '-1.944135', '30.061790', '_', '_'),
(121, 'I & S Mini market', 'Florence', '10', '0780534404', '_', 'Kimironko', '-1.944135', '30.061790', '_', '_'),
(122, 'IGIHOZO SUPERMAKERT', '_', '10', '0788462258', '_', 'Kimironko', '-1.944135', '30.061790', '_', '_'),
(123, 'Ihirwe Elisa Shop', '_', '10', '0785482359', '_', 'Kimironko', '-1.944135', '30.061790', '_', '_'),
(124, 'Imela', 'Fabiola', '10', '0788319034', '_', 'Kimironko', '-1.944135', '30.061790', '_', '_'),
(125, 'Intego Supermarket', 'Vedaste', '10', '0788370588', '_', 'Kimironko', '-1.944135', '30.061790', '_', '_'),
(126, 'Japax Supermarket', '_', '10', '0788351602', '_', 'Kimironko', '-1.944135', '30.061790', '_', '_'),
(127, 'Jean De Dieu', '_', '10', '0788583068', '_', 'Kimironko', '-1.944135', '30.061790', '_', '_'),
(128, 'Krishna Supermarket', 'Mike', '10', '0783072079', '_', 'Kimironko', '-1.944135', '30.061790', '_', '_'),
(129, 'Moran Wineland', 'Moriah', '10', '0785243220', '_', 'Kimironko', '-1.944135', '30.061790', '_', '_'),
(130, 'Olecia', 'Rachelle', '10', '0784289796', '_', 'Kimironko', '-1.944135', '30.061790', '_', '_'),
(131, 'Oli boutique', '_', '10', '0787397390', '_', 'Kimironko', '-1.944135', '30.061790', '_', '_'),
(132, 'Simba Supermarket', 'Raphaël', '10', '0781293997', '_', 'Kimironko', '-1.944135', '30.061790', '_', '_'),
(133, 'SJ Marine Supermarket', 'Shemeza Jean Baptiste', '10', '0788416180', '_', 'Kimironko', '-1.944135', '30.061790', '_', '_'),
(134, 'The Spot', 'Carli', '10', '0788504083', '_', 'Kimironko', '-1.944135', '30.061790', '_', '_'),
(135, 'Twins Liquors and More', 'Brian', '10', '0788654483', '_', 'Kimironko', '-1.944135', '30.061790', '_', '_'),
(136, 'UJO Liquor store Ltd', 'Uwase', '10', '0787282942', '_', 'Kimironko', '-1.944135', '30.061790', '_', '_'),
(137, 'Green Corner Mini-market', 'Emmanuel', '10', '0788645614', '_', 'Kimisagara', '-1.944135', '30.061790', '_', '_'),
(138, '5 Swiss Hotel', 'Yannick Manager', '9', '0786932290', '_', 'Kiyovu', '-1.944135', '30.061790', '_', '_'),
(139, 'Chez Robert', '_', '9', '0784888825', '_', 'Kiyovu', '-1.944135', '30.061790', '_', '_'),
(140, 'Dolce', 'Yves Kagina', '9', '0788625108', '_', 'Kiyovu', '-1.944135', '30.061790', '_', '_'),
(141, 'Habari trading', 'Cito', '10', '0786933508', '_', 'Kiyovu', '-1.944135', '30.061790', '_', '_'),
(142, 'INDABO COFFEE', 'Eric', '9', '0787696409', '_', 'Kiyovu', '-1.944135', '30.061790', '_', '_'),
(143, 'Khana Khazana Kiyovu', 'Anil', '9', '0781522188', '_', 'Kiyovu', '-1.944135', '30.061790', '_', '_'),
(144, 'La Gardienne', 'Florence', '10', '0788692087', '_', 'Kiyovu', '-1.944135', '30.061790', '_', '_'),
(145, 'MARRIOTT HOTEL', 'Nadine', '9', '0788578775', '_', 'Kiyovu', '-1.944135', '30.061790', '_', '_'),
(146, 'MILLE COLLINES HOTEL', 'Rosine', '9', '0788899004', '_', 'Kiyovu', '-1.944135', '30.061790', '_', '_'),
(147, 'Sale & Pepe', 'Liliane', '9', '0785211141', '_', 'Kiyovu', '-1.944135', '30.061790', '_', '_'),
(148, 'SEBA GROUP', 'Athanase', '10', '0788308223', '_', 'Kiyovu', '-1.944135', '30.061790', '_', '_'),
(149, 'SERENA HOTEL', 'Scovia', '9', '0788200418', '_', 'Kiyovu', '-1.944135', '30.061790', '_', '_'),
(150, 'Super One Foods Supermarket', '_', '10', '0785140703', '_', 'Kiyovu', '-1.944135', '30.061790', '_', '_'),
(151, 'WOO HAH', 'Félix', '9', '0788305438', '_', 'Kiyovu', '-1.944135', '30.061790', '_', '_'),
(152, 'NAD Company', 'Dushimimana Claude', '10', '0788593418', '_', 'Muhanga', '-1.944135', '30.061790', '_', '_'),
(153, 'BBC', 'John Kivenge', '10', '0788309618', '_', 'Muhima', '-1.944135', '30.061790', '_', '_'),
(154, 'Eco Wines', 'Ronald', '10', '078457772', '_', 'Muhima', '-1.944135', '30.061790', '_', '_'),
(155, '_ Richard', 'Richard', '10', '0788810534', '_', 'Musanze', '-1.944135', '30.061790', '_', '_'),
(156, 'Arsenal', 'Neretsebagabo(rugujiro', '10', '0786713539', '_', 'Musanze', '-1.944135', '30.061790', '_', '_'),
(157, 'Dallas', 'Fabrice', '10', '0782221785', '_', 'Musanze', '-1.944135', '30.061790', '_', '_'),
(158, 'Deluxe Supermarket', 'Ildephonse', '10', '0785795277', '_', 'Musanze', '-1.944135', '30.061790', '_', '_'),
(159, 'Deluxe Supermarket', 'Ildephonse', '10', '0785795277', '_', 'Musanze', '-1.944135', '30.061790', '_', '_'),
(160, 'Larry`s barn', 'Jean Paul / Claude', '10', '0782997577', '_', 'Musanze', '-1.944135', '30.061790', '_', '_'),
(161, 'Rukara Shop', 'Ndagijimana Célestin', '10', '0789900032', '_', 'Musanze', '-1.944135', '30.061790', '_', '_'),
(162, 'Umwizerwa Shop', 'Twizerimana Wellars', '10', '0786807733', '_', 'Musanze', '-1.944135', '30.061790', '_', '_'),
(163, '_ Pierre', 'Pierre', '10', '0786419923', '_', 'Nyabugogo', '-1.944135', '30.061790', '_', '_'),
(164, 'Aliana Shop', 'Japhet', '10', '0788638635', '_', 'Nyabugogo', '-1.944135', '30.061790', '_', '_'),
(165, 'Au Grand Jour', '_', '10', '0788651922', '_', 'Nyabugogo', '-1.944135', '30.061790', '_', '_'),
(166, 'Boutique Niyo', 'Cash Cash', '10', '0788522241', '_', 'Nyabugogo', '-1.944135', '30.061790', '_', '_'),
(167, 'Bru trading', '_', '10', '0788405164', '_', 'Nyabugogo', '-1.944135', '30.061790', '_', '_'),
(168, 'Cécile', '_', '10', '0783199441', '_', 'Nyabugogo', '-1.944135', '30.061790', '_', '_'),
(169, 'Cheap shop', 'Sindayigaya', '10', '0788528896', '_', 'Nyabugogo', '-1.944135', '30.061790', '_', '_'),
(170, 'Delica', 'Delice', '10', '0780752246', '_', 'Nyabugogo', '-1.944135', '30.061790', '_', '_'),
(171, 'Eliano', 'Eliab / Mme', '10', '0788859512', '_', 'Nyabugogo', '-1.944135', '30.061790', '_', '_'),
(172, 'Emmanuel Shop', 'Emmanuel', '10', '0788476628', '_', 'Nyabugogo', '-1.944135', '30.061790', '_', '_'),
(173, 'Francine shop', 'Albert', '10', '0788300367', '_', 'Nyabugogo', '-1.944135', '30.061790', '_', '_'),
(174, 'Fulgence Shop', 'Fulgence', '10', '0788588645', '_', 'Nyabugogo', '-1.944135', '30.061790', '_', '_'),
(175, 'Gratefull Shop', 'Pacifique', '10', '0789198759', '_', 'Nyabugogo', '-1.944135', '30.061790', '_', '_'),
(176, 'Kagaju Shop', 'Francois', '10', '0788540811', '_', 'Nyabugogo', '-1.944135', '30.061790', '_', '_'),
(177, 'La Douce Wine & liquor', '_', '10', '0788521425', '_', 'Nyabugogo', '-1.944135', '30.061790', '_', '_'),
(178, 'Nella shop', 'Nella', '10', '0788593548', '_', 'Nyabugogo', '-1.944135', '30.061790', '_', '_'),
(179, 'Sawa Citi Engen', 'Patrick', '10', '0788759784', '_', 'Nyabugogo', '-1.944135', '30.061790', '_', '_'),
(180, 'Sawa Citi Giticinyoni', 'Charles', '10', '0782648776', '_', 'Nyabugogo', '-1.944135', '30.061790', '_', '_'),
(181, 'Verca ltd', 'William', '10', '0788356079', '_', 'Nyabugogo', '-1.944135', '30.061790', '_', '_'),
(182, '_ Chantal', 'Chantal', '10', '0781691352', '_', 'Nyamata', '-1.944135', '30.061790', '_', '_'),
(183, 'Bumuntu Wine & Liquor Shop', '_', '10', '0787006572', '_', 'Nyamata', '-1.944135', '30.061790', '_', '_'),
(184, 'Kanyemera Shop', 'Kanyemera', '10', '0788484356', '_', 'Nyamata', '-1.944135', '30.061790', '_', '_'),
(185, 'Alimentation Laveridille', 'Innocent', '10', '0782591000', '_', 'Nyamirambo', '-1.944135', '30.061790', '_', '_'),
(186, 'Familly Mart Supermarket', 'Moses', '10', '0781449168', '_', 'Nyamirambo', '-1.944135', '30.061790', '_', '_'),
(187, 'Guinness', '_', '9', '', '_', 'Nyamirambo', '-1.944135', '30.061790', '_', '_'),
(188, 'Happy Mart', 'Charles', '10', '0784166760', '_', 'Nyamirambo', '-1.944135', '30.061790', '_', '_'),
(189, 'Karashushye', 'Robert', '10', '0788353578', '_', 'Nyamirambo', '-1.944135', '30.061790', '_', '_'),
(190, 'Mango Supermarket', 'King James / Christine', '10', '0730397671', '_', 'Nyamirambo', '-1.944135', '30.061790', '_', '_'),
(191, 'Nobert Shop', 'Norbert', '10', '0785345096', '_', 'Nyamirambo', '-1.944135', '30.061790', '_', '_'),
(192, 'Pesos Investment company', 'Fabrice', '10', '0788868222', '_', 'Nyamirambo', '-1.944135', '30.061790', '_', '_'),
(193, 'Robert Shop', 'Robert', '10', '0786875140', '_', 'Nyamirambo', '-1.944135', '30.061790', '_', '_'),
(194, 'Seremani Shop', 'Mme Seremani', '10', '0781738284', '_', 'Nyamirambo', '-1.944135', '30.061790', '_', '_'),
(195, 'Musavi', 'Vicent', '10', '0788628003', '_', 'Nyanza', '-1.944135', '30.061790', '_', '_'),
(196, 'Ashija Trading Ltd', '_', '10', '0788309566', '_', 'Nyarugenge', '-1.944135', '30.061790', '_', '_'),
(197, 'Come on come all ltd', '_', '10', '0788454607', '_', 'Nyarugenge', '-1.944135', '30.061790', '_', '_'),
(198, 'Downtown Bistro', 'Georges', '9', '0782871129', '_', 'Nyarugenge', '-1.944135', '30.061790', '_', '_'),
(199, 'Gashemere Business Company Ltd', 'Alice', '10', '0788684497', '_', 'Nyarugenge', '-1.944135', '30.061790', '_', '_'),
(200, 'Jeni Supply Ltd', 'Eugénie', '10', '0781602984', '_', 'Nyarugenge', '-1.944135', '30.061790', '_', '_'),
(201, 'Sharma Supermarket', '_', '10', '0788442279', '_', 'Nyarugenge', '-1.944135', '30.061790', '_', '_'),
(202, 'Simba Supermarket( Centenary)', 'Peter', '10', '0788647299', '_', 'Nyarugenge', '-1.944135', '30.061790', '_', '_'),
(203, 'Simba Supermarket(City center)', 'Sam', '10', '0784686026', '_', 'Nyarugenge', '-1.944135', '30.061790', '_', '_'),
(204, 'Bright store Ltd', 'Bosco', '10', '0785450052', '_', 'Nyarutarama', '-1.944135', '30.061790', '_', '_'),
(205, 'CHOMA`D', 'Derreck Ndungutse', '9', '0781158701', '_', 'Nyarutarama', '-1.944135', '30.061790', '_', '_'),
(206, 'Dineka Ltd', 'Mme Kagame', '10', '0782132625', '_', 'Nyarutarama', '-1.944135', '30.061790', '_', '_'),
(207, 'Dmall Supermarket', 'Nancy', '10', '0786258279', '_', 'Nyarutarama', '-1.944135', '30.061790', '_', '_'),
(208, 'Good Sun Supermarket', 'Françoise', '10', '0788879011', '_', 'Nyarutarama', '-1.944135', '30.061790', '_', '_'),
(209, 'Kigali Buchery', 'Anselme', '10', '0788300707', '_', 'Nyarutarama', '-1.944135', '30.061790', '_', '_'),
(210, 'Max Five(Khana Khazana)', 'Akil', '9', '0734596725', '_', 'Nyarutarama', '-1.944135', '30.061790', '_', '_'),
(211, 'Once upon on Bottle Ltd', 'Danny', '10', '0787331533', '_', 'Nyarutarama', '-1.944135', '30.061790', '_', '_'),
(212, 'Rukira', 'Princesse', '10', '0788221722', '_', 'Nyarutarama', '-1.944135', '30.061790', '_', '_'),
(213, 'Rush Foods', 'Anne', '10', '0783883055', '_', 'Nyarutarama', '-1.944135', '30.061790', '_', '_'),
(214, 'Sandy`s Shop', 'Sandra', '10', '0788403005', '_', 'Nyarutarama', '-1.944135', '30.061790', '_', '_'),
(215, 'Select Boutique Hotel', 'Gilles', '9', '0784751334', '_', 'Nyarutarama', '-1.944135', '30.061790', '_', '_'),
(216, 'Team Africa', 'Sylvèstre', '10', '0789950016', '_', 'Nyarutarama', '-1.944135', '30.061790', '_', '_'),
(217, 'La Cochette Boutique', 'Aline', '10', '0788567736', '_', 'Rebero', '-1.944135', '30.061790', '_', '_'),
(218, '_ Michel', 'Michel', '10', '0788607412', '_', 'Remera', '-1.944135', '30.061790', '_', '_'),
(219, 'Alep Business company', 'Arielle', '10', '0786012269', '_', 'Remera', '-1.944135', '30.061790', '_', '_'),
(220, 'Amigo Supermarket', 'Mme Albert', '10', '0788555150', '_', 'Remera', '-1.944135', '30.061790', '_', '_'),
(221, 'Best Friends Supermarket', 'Charles', '10', '0788539460', '_', 'Remera', '-1.944135', '30.061790', '_', '_'),
(222, 'Best Way Supermarket', 'Desiré', '10', '0788868844', '_', 'Remera', '-1.944135', '30.061790', '_', '_'),
(223, 'Bikios', 'Alex', '10', '0787511660', '_', 'Remera', '-1.944135', '30.061790', '_', '_'),
(224, 'Camino', '_', '10', '', '_', 'Remera', '-1.944135', '30.061790', '_', '_'),
(225, 'Carrier Global', 'Emmanuel Nyambaje', '10', '0788489039', '_', 'Remera', '-1.944135', '30.061790', '_', '_'),
(226, 'CHAMPION BEVERAGE STORE', 'Edouard', '10', '0788555269', '_', 'Remera', '-1.944135', '30.061790', '_', '_'),
(227, 'Champion liquor store', 'Alexis', '10', '0788430597', '_', 'Remera', '-1.944135', '30.061790', '_', '_'),
(228, 'Chez Marg', 'Marguerite', '10', '0788303927', '_', 'Remera', '-1.944135', '30.061790', '_', '_'),
(229, 'Chez Momo', 'Momo', '10', '0788824036', '_', 'Remera', '-1.944135', '30.061790', '_', '_'),
(230, 'Chez Papa & Maman Guiness', 'Vincent', '9', '0788263905', '_', 'Remera', '-1.944135', '30.061790', '_', '_'),
(231, 'City Liquor Store', 'Déo', '10', '0788486509', '_', 'Remera', '-1.944135', '30.061790', '_', '_'),
(232, 'Dallas Caw boys', 'Pacifique', '10', '0781921966', '_', 'Remera', '-1.944135', '30.061790', '_', '_'),
(233, 'Didi`s Liquor store', 'Diane', '10', '0788354012', '_', 'Remera', '-1.944135', '30.061790', '_', '_'),
(234, 'Drip Drop', 'Franck', '10', '0783085509', '_', 'Remera', '-1.944135', '30.061790', '_', '_'),
(235, 'El Camino', 'Eric', '10', '0783559956', '_', 'Remera', '-1.944135', '30.061790', '_', '_'),
(236, 'Emma`S Choice & Supplies Ltd', 'Emmanuel', '10', '0788725970', '_', 'Remera', '-1.944135', '30.061790', '_', '_'),
(237, 'Fuschia Lounge', 'Mme Jules', '9', '0788535672', '_', 'Remera', '-1.944135', '30.061790', '_', '_'),
(238, 'Ganza Supermarket (Sonatube)', 'Robert Mutabazi', '10', '0788630062', '_', 'Remera', '-1.944135', '30.061790', '_', '_'),
(239, 'Griffin Liquor store', 'Sharon', '10', '0780266646', '_', 'Remera', '-1.944135', '30.061790', '_', '_'),
(240, 'Home Burger', 'Adrien', '9', '0784801292', '_', 'Remera', '-1.944135', '30.061790', '_', '_'),
(241, 'Hot Shot', 'Manzi', '10', '0788202771', '_', 'Remera', '-1.944135', '30.061790', '_', '_'),
(242, 'JM Liquor Isange', 'Dushimirrimana Jean-Marie Vianney', '10', '0788666513', '_', 'Remera', '-1.944135', '30.061790', '_', '_'),
(243, 'Joseph trading', 'Joseph', '10', '0788973898', '_', 'Remera', '-1.944135', '30.061790', '_', '_'),
(244, 'Kay Suppliers', 'Alex / Flora', '10', '0785712203', '_', 'Remera', '-1.944135', '30.061790', '_', '_'),
(245, 'La Croisièrre', '_', '10', '0781888165', '_', 'Remera', '-1.944135', '30.061790', '_', '_'),
(246, 'Liège', 'Marie Ange', '10', '0789292692', '_', 'Remera', '-1.944135', '30.061790', '_', '_'),
(247, 'Liquor House', 'Anthony', '10', '0788485633', '_', 'Remera', '-1.944135', '30.061790', '_', '_'),
(248, 'M & J Distributors', 'Antoinette', '10', '0788447804', '_', 'Remera', '-1.944135', '30.061790', '_', '_'),
(249, 'M Beverages', 'Umutesi Christine', '10', '0785992372', '_', 'Remera', '-1.944135', '30.061790', '_', '_'),
(250, 'MKS', 'Steven', '10', '0788268623', '_', 'Remera', '-1.944135', '30.061790', '_', '_'),
(251, 'Nana`s Wines & Spirits Corner', 'Scovia', '10', '0788622554', '_', 'Remera', '-1.944135', '30.061790', '_', '_'),
(252, 'Ndoli Supermarket', 'Fred', '10', '0789056531', '_', 'Remera', '-1.944135', '30.061790', '_', '_'),
(253, 'Nero Agencies', 'Reggy / Rodrigue', '10', '0783114532', '_', 'Remera', '-1.944135', '30.061790', '_', '_'),
(254, 'Piccadilly bar', 'Ruti', '9', '0781467148', '_', 'Remera', '-1.944135', '30.061790', '_', '_'),
(255, 'Rebirth', 'Medi', '10', '0783865585', '_', 'Remera', '-1.944135', '30.061790', '_', '_'),
(256, 'RGM INVZ Ltd', 'Emma', '10', '0783523034', '_', 'Remera', '-1.944135', '30.061790', '_', '_'),
(257, 'Rosine shop', 'Rosine', '10', '0783694803', '_', 'Remera', '-1.944135', '30.061790', '_', '_'),
(258, 'Round one Bistro', 'Gisèle', '9', '0788308616', '_', 'Remera', '-1.944135', '30.061790', '_', '_'),
(259, 'Sawa Citi Remera', 'Abu', '10', '0788300986', '_', 'Remera', '-1.944135', '30.061790', '_', '_'),
(260, 'Sky lounge', 'Gilbert', '9', '0780367532', '_', 'Remera', '-1.944135', '30.061790', '_', '_'),
(261, 'Spot 6', 'Aima', '10', '0783523034', '_', 'Remera', '-1.944135', '30.061790', '_', '_'),
(262, 'Tamu Food & Beverages Ltd', 'Jude', '10', '0788525955', '_', 'Remera', '-1.944135', '30.061790', '_', '_'),
(263, 'Terrassa', 'Dr Joseph', '10', '0788302821', '_', 'Remera', '-1.944135', '30.061790', '_', '_'),
(264, 'The Big Wines & Liquors', 'James', '10', '0788831317', '_', 'Remera', '-1.944135', '30.061790', '_', '_'),
(265, 'The House Liquor Store', 'Daddy', '10', '0788218029', '_', 'Remera', '-1.944135', '30.061790', '_', '_'),
(266, 'The Liquor Store(Gaga)', 'Gaga', '10', '0788308016', '_', 'Remera', '-1.944135', '30.061790', '_', '_'),
(267, 'The Liquor Tap', 'Sophie', '10', '0788765119', '_', 'Remera', '-1.944135', '30.061790', '_', '_'),
(268, 'Urban Liquor Store', 'James', '10', '0787174599', '_', 'Remera', '-1.944135', '30.061790', '_', '_'),
(269, 'Yopougon', '_', '9', '0789619873', '_', 'Remera', '-1.944135', '30.061790', '_', '_'),
(270, 'Zazou', 'Michaella', '10', '0788918824', '_', 'Remera', '-1.944135', '30.061790', '_', '_'),
(271, 'Zimano Supermarket', '_', '10', '0788574536', '_', 'Remera', '-1.944135', '30.061790', '_', '_'),
(272, '_ Eric', 'Eric', '10', '0783703080', '_', 'Rubavu', '-1.944135', '30.061790', '_', '_'),
(273, '_ Ngarambe Justin', 'Ngarambe Justin', '10', '0783309642', '_', 'Rubavu', '-1.944135', '30.061790', '_', '_'),
(274, '_ Phocas', 'Phocas', '10', '0783999785', '_', 'Rubavu', '-1.944135', '30.061790', '_', '_'),
(275, '_ Rukundo', 'Rukundo', '10', '0783999719', '_', 'Rubavu', '-1.944135', '30.061790', '_', '_'),
(276, '_ Vénuste Bizimungu', 'Vénuste Bizimungu', '10', '0781821212', '_', 'Rubavu', '-1.944135', '30.061790', '_', '_'),
(277, 'Boutique sous le soleil', '_', '10', '0783709116', '_', 'Rubavu', '-1.944135', '30.061790', '_', '_'),
(278, 'Jambo Supermarket', 'Abraham', '10', '0781464970', '_', 'Rubavu', '-1.944135', '30.061790', '_', '_'),
(279, 'Jeanet Shop', 'Jeanet', '10', '0788637324', '_', 'Rubavu', '-1.944135', '30.061790', '_', '_'),
(280, 'Plan B', 'Théogène', '10', '0788591464', '_', 'Rubavu', '-1.944135', '30.061790', '_', '_'),
(281, 'Salvator Shop', 'Salvator', '10', '0783506691', '_', 'Ruhango', '-1.944135', '30.061790', '_', '_'),
(282, 'Poder Rafiki', 'Viateur', '10', '0788472651', '_', 'Rusizi', '-1.944135', '30.061790', '_', '_'),
(283, 'Umunyinya Supermarket', 'Patrick', '10', '0788304797', '_', 'Rusororo', '-1.944135', '30.061790', '_', '_'),
(284, 'La Charité', 'Pacifique', '10', '0785390297', '_', 'Rwamagana', '-1.944135', '30.061790', '_', '_'),
(285, 'Mix Shop', 'Jean D`amour', '10', '0788391030', '_', 'Rwamagana', '-1.944135', '30.061790', '_', '_');

-- --------------------------------------------------------

--
-- Table structure for table `b2b_outlet_tmp`
--

DROP TABLE IF EXISTS `b2b_outlet_tmp`;
CREATE TABLE IF NOT EXISTS `b2b_outlet_tmp` (
  `id` int(10) NOT NULL DEFAULT '0',
  `location` varchar(30) NOT NULL DEFAULT '',
  `name` varchar(30) NOT NULL DEFAULT '',
  `channel` varchar(30) NOT NULL DEFAULT '',
  `manager` varchar(30) NOT NULL DEFAULT '',
  `phone` varchar(30) NOT NULL DEFAULT '',
  `auditor` varchar(10) NOT NULL DEFAULT '',
  `week` varchar(20) NOT NULL DEFAULT '',
  `calendar` varchar(20) NOT NULL DEFAULT '0'
) ENGINE=MyISAM DEFAULT CHARSET=latin1;

--
-- Dumping data for table `b2b_outlet_tmp`
--

INSERT INTO `b2b_outlet_tmp` (`id`, `location`, `name`, `channel`, `manager`, `phone`, `auditor`, `week`, `calendar`) VALUES
(1, 'Nyarugenge', 'Downtown Bistro', 'Ontrade', 'Georges', '782871129', '6', 'Week 2 and week 4', 'Monday'),
(2, 'Nyarugenge', 'Ubuntu Grande Hotel', 'Ontrade', '_Manager', '', '6', 'Week 2 and week 4', 'Monday'),
(3, 'Gisozi', 'KGL Bar', 'Ontrade', 'Elijah Karisimbi', '783035583', '6', 'Week 1 and week 3', 'Thursday'),
(4, 'Nyamirambo', 'Torino ', 'Ontrade', 'Raphaël', '789921852', '6', 'Week 1 and week 3', 'Wednesday'),
(5, 'Nyamirambo', 'Ba House', 'Ontrade', 'Dany', '783294168', '6', 'Week 1 and week 3', 'Wednesday'),
(6, 'Nyamirambo', 'Cosmos', 'Ontrade', '_Manager', '', '6', 'Week 1 and week 3', 'Wednesday'),
(7, 'Gikondo', 'Fuschia Cercle Sportif', 'Ontrade', 'Mme Jules', '788535672', '6', 'Week 1 and week 3', 'Thursday'),
(8, 'Kiyovu', 'Serena Hotel', 'Ontrade', 'Scovia', '788200418', '6', 'Week 1 and week 3', 'Monday'),
(9, 'Kiyovu', 'Marriott Hotel', 'Ontrade', 'Nadine', '788578775', '6', 'Week 1 and week 3', 'Monday'),
(10, 'Kiyovu', 'Hotel Des Mille Collines', 'Ontrade', 'Rosine', '788899004', '6', 'Week 1 and week 3', 'Monday'),
(11, 'Kiyovu', '5 Swiss Hotel', 'Ontrade', 'Yannick Manager', '786932290', '6', 'Week 1 and week 3', 'Monday'),
(12, 'Kiyovu', 'Chez Robert', 'Ontrade', '_Manager', '784888825', '6', 'Week 1 and week 3', 'Monday'),
(13, 'Kiyovu', 'Sale&Pepe', 'Ontrade', 'Liliane', '785211141', '6', 'Week 1 and week 3', 'Monday'),
(14, 'Kiyovu', 'Dolce', 'Ontrade', 'Yves Kagina', '788625108', '6', 'Week 1 and week 3', 'Monday'),
(15, 'Kiyovu', 'Woo Hah', 'Ontrade', 'Félix', '788305438', '6', 'Week 1 and week 3', 'Monday'),
(16, 'Kiyovu', 'Indabo Coffee', 'Ontrade', 'Eric', '787696409', '6', 'Week 1 and week 3', 'Monday'),
(17, 'Kiyovu', 'Khana Khazana Kiyovu', 'Ontrade', 'Anil', '781522188', '6', 'Week 2 and week 4', 'Monday'),
(18, 'Kiyovu', 'Galaxy Hotel', 'Ontrade', '_Manager', '', '6', 'Week 2 and week 4', 'Monday'),
(19, 'Kiyovu', 'Karisimbi Hotel', 'Ontrade', '_Manager', '', '6', 'Week 2 and week 4', 'Monday'),
(20, 'Kiyovu', 'Park Inn Radisson', 'Ontrade', '_Manager', '', '6', 'Week 2 and week 4', 'Monday'),
(21, 'Kiyovu', 'Urban Hotel', 'Ontrade', '_Manager', '', '6', 'Week 2 and week 4', 'Monday'),
(22, 'Kiyovu', 'Mythos', 'Ontrade', '_Manager', '', '6', 'Week 2 and week 4', 'Monday'),
(23, 'Kiyovu', 'Hill View Hotel', 'Ontrade', '_Manager', '', '6', 'Week 2 and week 4', 'Monday'),
(24, 'Kacyiru', 'Kabana', 'Ontrade', 'Yacine', '788504647', '6', 'Week 1 and week 3', 'Thursday'),
(25, 'Kacyiru', 'Coffee Break', 'Ontrade', 'Olivier', '788848396', '6', 'Week 1 and week 3', 'Thursday'),
(26, 'Kacyiru', 'Iwawe Hotel', 'Ontrade', '_Manager', '788302114', '6', 'Week 1 and week 3', 'Thursday'),
(27, 'Kacyiru', 'Burrows', 'Ontrade', '_Manager', '', '6', 'Week 1 and week 3', 'Thursday'),
(28, 'Kacyiru', 'Convention Centre', 'Ontrade', '_Manager', '', '6', 'Week 2 and week 4', 'Thursday'),
(29, 'Kacyiru', 'People Club', 'Ontrade', '_Manager', '', '6', 'Week 2 and week 4', 'Thursday'),
(30, 'Kimihurura', 'Riders', 'Ontrade', 'Dorcas', '787680966', '6', 'Week 1 and week 3', 'Saturday'),
(31, 'Kimihurura', 'Repub Lounge', 'Ontrade', 'Solange', '788303030', '6', 'Week 1 and week 3', 'Saturday'),
(32, 'Kimihurura', 'Papyrus', 'Ontrade', '_Manager', '787103990', '6', 'Week 1 and week 3', 'Saturday'),
(33, 'Kimihurura', 'Gusto Bar & Restaurant', 'Ontrade', 'Richard', '783877042', '6', 'Week 2 and week 4', 'Saturday'),
(34, 'Kimihurura', 'Sundowner', 'Ontrade', '_Manager', '788301922', '6', 'Week 2 and week 4', 'Saturday'),
(35, 'Kimihurura', 'Grazia Appartment', 'Ontrade', 'Pascal', '788862351', '6', 'Week 2 and week 4', 'Saturday'),
(36, 'Kimihurura', 'The Hut', 'Ontrade', '_Manager', '789806336', '6', 'Week 2 and week 4', 'Saturday'),
(37, 'Kimihurura', 'Gusto Italiano', 'Ontrade', '_Manager', '', '6', 'Week 2 and week 4', 'Saturday'),
(38, 'Kimihurura', 'Lemigo Hotel', 'Ontrade', '_Manager', '', '6', 'Week 2 and week 4', 'Saturday'),
(39, 'Kimihurura', 'Chinese Great Wall Restaurant', 'Ontrade', '_Manager', '', '6', 'Week 2 and week 4', 'Saturday'),
(40, 'Kimihurura', 'Inka Steakhouse', 'Ontrade', '_Manager', '', '6', 'Week 2 and week 4', 'Saturday'),
(41, 'Kimihurura', 'Soy', 'Ontrade', '_Manager', '', '6', 'Week 2 and week 4', 'Saturday'),
(42, 'Kimihurura', 'Cozy', 'Ontrade', '_Manager', '', '6', 'Week 2 and week 4', 'Saturday'),
(43, 'Gacuriro', 'Hotel Red', 'Ontrade', 'Chantal', '788308235', '6', 'Week 1 and week 3', 'Tuesday'),
(44, 'Gacuriro', 'Country Inn Hotel', 'Ontrade', '_Manager', '785354682', '6', 'Week 1 and week 3', 'Tuesday'),
(45, 'Gacuriro', '_Gacuriro', 'Ontrade', '_Manager', '', '6', 'Week 1 and week 3', 'Tuesday'),
(46, 'Gacuriro', 'Great Season Hotel', 'Ontrade', '_Manager', '', '6', 'Week 1 and week 3', 'Tuesday'),
(47, 'Gacuriro', 'Highlands Appartment', 'Ontrade', '_Manager', '', '6', 'Week 1 and week 3', 'Tuesday'),
(48, 'Nyarutarama', 'Choma`d', 'Ontrade', 'Derreck Ndungutse', '781158701', '6', 'Week 1 and week 3', 'Wednesday'),
(49, 'Nyarutarama', 'Max Five(Khana Khazana)', 'Ontrade', 'Akil', '734596725', '6', 'Week 1 and week 3', 'Wednesday'),
(50, 'Nyarutarama', 'La Villa', 'Ontrade', '_Manager', '', '6', 'Week 1 and week 3', 'Wednesday'),
(51, 'Nyarutarama', 'Select Boutique Hotel', 'Ontrade', 'Gilles', '784751334', '6', 'Week 1 and week 3', 'Wednesday'),
(52, 'Nyarutarama', 'Hotel Villa Portofino', 'Ontrade', '_Manager', '', '6', 'Week 2 and week 4', 'Wednesday'),
(53, 'Nyarutarama', 'Orient Park', 'Ontrade', '_Manager', '', '6', 'Week 2 and week 4', 'Wednesday'),
(54, 'Nyarutarama', 'Zen Oriental Cuisine', 'Ontrade', '_Manager', '', '6', 'Week 2 and week 4', 'Wednesday'),
(55, 'Nyarutarama', 'Quiet Heaven Hotel', 'Ontrade', '_Manager', '', '6', 'Week 2 and week 4', 'Wednesday'),
(56, 'Nyarutarama', 'Chillax Lounge', 'Ontrade', '_Manager', '', '6', 'Week 2 and week 4', 'Wednesday'),
(57, 'Nyarutarama', 'Gorilla Golf Hotel', 'Ontrade', '_Manager', '', '6', 'Week 2 and week 4', 'Wednesday'),
(58, 'Nyarutarama', 'Le Poète Bar&Restaurant', 'Ontrade', '_Manager', '', '6', 'Week 2 and week 4', 'Wednesday'),
(59, 'Nyarutarama', 'Elevate Hotel', 'Ontrade', '_Manager', '', '6', 'Week 2 and week 4', 'Wednesday'),
(60, 'Kagugu', 'Land Mark Hotel', 'Ontrade', '_Manager', '788312442', '6', 'Week 2 and week 4', 'Thursday'),
(61, 'Gishushu', 'Tany`s', 'Ontrade', 'Tania', '788500635', '6', 'Week 1 and week 3', 'Thursday'),
(62, 'Remera', 'Fuschia Lounge', 'Ontrade', 'Mme Jules', '788535672', '6', 'Week 1 and week 3', 'Friday'),
(63, 'Remera', 'Home Burger', 'Ontrade', 'Adrien', '784801292', '6', 'Week 1 and week 3', 'Friday'),
(64, 'Remera', 'Round One Bistro', 'Ontrade', 'Gisèle', '788308616', '6', 'Week 1 and week 3', 'Friday'),
(65, 'Remera', 'Sky Lounge', 'Ontrade', 'Gilbert', '780367532', '6', 'Week 1 and week 3', 'Friday'),
(66, 'Remera', 'Piccadilly Bar', 'Ontrade', 'Ruti', '781467148', '6', 'Week 1 and week 3', 'Friday'),
(67, 'Remera', 'Active Pub', 'Ontrade', 'Déo', '788486509', '6', 'Week 1 and week 3', 'Friday'),
(68, 'Remera', 'Come Again', 'Ontrade', '_Manager', '783113562', '6', 'Week 1 and week 3', 'Friday'),
(69, 'Remera', 'Round One Bistro', 'Ontrade', 'Gisèle', '788308616', '6', 'Week 1 and week 3', 'Friday'),
(70, 'Remera', 'Yopougon', 'Ontrade', '_Manager', '789619873', '6', 'Week 1 and week 3', 'Friday'),
(71, 'Remera', '_Remera', 'Ontrade', '_Manager', '', '6', 'Week 1 and week 3', 'Friday'),
(72, 'Remera', '2Shots', 'Ontrade', '_Manager', '', '6', 'Week 1 and week 3', 'Friday'),
(73, 'Remera', 'LEBANON Hotel', 'Ontrade', '_Manager', '', '6', 'Week 1 and week 3', 'Friday'),
(74, 'Remera', 'Hotel Chez Lando', 'Ontrade', '_Manager', '', '6', 'Week 2 and week 4', 'Friday'),
(75, 'Remera', 'Le Little Five Bar&Resto', 'Ontrade', '_Manager', '', '6', 'Week 2 and week 4', 'Friday'),
(76, 'Remera', 'Bel-Air Resto&Bar', 'Ontrade', '_Manager', '', '6', 'Week 2 and week 4', 'Friday'),
(77, 'Remera', 'Magnet Bar', 'Ontrade', '_Manager', '', '6', 'Week 2 and week 4', 'Friday'),
(78, 'Remera', 'Master Grill Bar', 'Ontrade', '_Manager', '', '6', 'Week 2 and week 4', 'Friday'),
(79, 'Remera', 'Rosty Bar', 'Ontrade', '_Manager', '', '6', 'Week 2 and week 4', 'Friday'),
(80, 'Remera', 'Civitas Hotel', 'Ontrade', '_Manager', '', '6', 'Week 2 and week 4', 'Friday'),
(81, 'Remera', '514 Bar&Resto', 'Ontrade', '_Manager', '', '6', 'Week 2 and week 4', 'Friday'),
(82, 'Remera', '2Shots', 'Ontrade', '_Manager', '', '6', 'Week 2 and week 4', 'Friday'),
(83, 'Remera', 'Joll Of Kigali', 'Ontrade', '_Manager', '', '6', 'Week 2 and week 4', 'Friday'),
(84, 'Remera', 'Stamina Bar', 'Ontrade', '_Manager', '', '6', 'Week 2 and week 4', 'Friday'),
(85, 'Kimironko', 'Le Printemps Hotel', 'Ontrade', '_Manager', '', '6', 'Week 2 and week 4', 'Thursday'),
(86, 'Kimironko', 'Hotel Near Gereza', 'Ontrade', '_Manager', '', '6', 'Week 2 and week 4', 'Thursday'),
(87, 'Kimironko', 'Olympic Hotel', 'Ontrade', '_Manager', '', '6', 'Week 2 and week 4', 'Thursday'),
(88, 'Kicukiro', 'Wakanda 250 Ltd', 'Ontrade', 'Eric', '786912800', '6', 'Week 1 and week 3', 'Saturday'),
(89, 'Kicukiro', 'Pacy & Sisters Bar Restaurant', 'Ontrade', 'Gustave', '785753885', '6', 'Week 1 and week 3', 'Saturday'),
(90, 'Kicukiro', 'Iwacu Plus 250 Bar', 'Ontrade', '_Manager', '783557174', '6', 'Week 1 and week 3', 'Saturday'),
(91, 'Kicukiro', 'East24', 'Ontrade', '_Manager', '', '6', 'Week 1 and week 3', 'Saturday'),
(92, 'Kicukiro', 'Classic Hotel', 'Ontrade', '_Manager', '', '6', 'Week 1 and week 3', 'Saturday'),
(93, 'Kicukiro', 'Nobleza Hotel', 'Ontrade', '_Manager', '', '6', 'Week 1 and week 3', 'Saturday'),
(94, 'Kicukiro', 'Come Again Bar', 'Ontrade', '_Manager', '', '6', 'Week 1 and week 3', 'Saturday'),
(95, 'Kibagabaga', 'Pili Pili', 'Ontrade', 'Reggy', '783114532', '6', 'Week 2 and week 4', 'Tuesday'),
(96, 'Kibagabaga', 'Kiberinka', 'Ontrade', '_Manager', '', '6', 'Week 2 and week 4', 'Tuesday'),
(97, 'Kibagabaga', 'Caiman', 'Ontrade', '_Manager', '', '6', 'Week 2 and week 4', 'Tuesday'),
(98, 'Kibagabaga', 'Gilt Club', 'Ontrade', 'Hassan', '788380172', '6', 'Week 2 and week 4', 'Tuesday'),
(99, 'Nyabugogo', 'Kaizen Hotel', 'Ontrade', 'Alphonse', '788455623', '6', 'Week 1 and week 3', 'Wednesday'),
(100, 'Nyarugenge', 'Gashemere Business Company Ltd', 'Offtrade', 'Alice', '788684497', '5', 'Week 1 and week 3', 'Tuesday'),
(101, 'Nyarugenge', 'Come On Come All Ltd', 'Offtrade', '_Manager', '788454607', '5', 'Week 1 and week 3', 'Tuesday'),
(102, 'Nyarugenge', 'Jeni Supply Ltd', 'Offtrade', 'Eugénie', '781602984', '5', 'Week 1 and week 3', 'Tuesday'),
(103, 'Nyarugenge', 'Ashija Trading Ltd', 'Offtrade', '_Manager', '788309566', '5', 'Week 1 and week 3', 'Tuesday'),
(104, 'Nyamirambo', 'Robert Shop', 'Offtrade', 'Robert', '786875140', '5', 'Week 1 and week 3', 'Wednesday'),
(105, 'Nyamirambo', 'Mango Supermarket', 'Offtrade', 'King James/ Christine', '730397671/788475444', '5', 'Week 1 and week 3', 'Wednesday'),
(106, 'Nyamirambo', 'Seremani Shop', 'Offtrade', 'Mme Seremani', '781738284', '5', 'Week 1 and week 3', 'Wednesday'),
(107, 'Nyamirambo', 'Karashushye', 'Offtrade', 'Robert', '788353578', '5', 'Week 1 and week 3', 'Wednesday'),
(108, 'Nyamirambo', 'Nobert Shop', 'Offtrade', 'Norbert', '785345096', '5', 'Week 1 and week 3', 'Wednesday'),
(109, 'Nyamirambo', 'Lambert Shop', 'Offtrade', 'Lambert', '788765031', '5', 'Week 1 and week 3', 'Wednesday'),
(110, 'Nyamirambo', 'Chantal Shop', 'Offtrade', 'Chantal', '781738284', '5', 'Week 1 and week 3', 'Wednesday'),
(111, 'Nyamirambo', 'Amazing Shop', 'Offtrade', 'Lilian', '789015976', '5', 'Week 1 and week 3', 'Wednesday'),
(112, 'Nyamirambo', 'Goes Shop', 'Offtrade', '_Manager', '788469161', '5', 'Week 2 and week 4', 'Wednesday'),
(113, 'Nyamirambo', 'Choice One In Africa', 'Offtrade', 'Robert', '787919499', '5', 'Week 2 and week 4', 'Wednesday'),
(114, 'Nyamirambo', 'Bugeni Ltd', 'Offtrade', 'Kivugija', '788362350', '5', 'Week 2 and week 4', 'Wednesday'),
(115, 'Nyamirambo', 'Bahouse', 'Offtrade', 'Claire', '788827426', '5', 'Week 2 and week 4', 'Wednesday'),
(116, 'Nyamirambo', 'Pesos Investment Company', 'Offtrade', 'Fabrice', '788868222', '5', 'Week 2 and week 4', 'Wednesday'),
(117, 'Kimisagara', 'Green Corner Mini-Market', 'Offtrade', 'Emmanuel', '788645614', '5', 'Week 2 and week 4', 'Wednesday'),
(118, 'Gisozi', 'Café De Gisozi', 'Offtrade', '_Manager', '788547044', '5', 'Week 1 and week 3', 'Thursday'),
(119, 'Remera', 'Joseph Trading', 'Offtrade', 'Joseph', '788973898', '5', 'Week 1 and week 3', 'Thursday'),
(120, 'Remera', 'Bikios', 'Offtrade', 'Alex', '787511660', '5', 'Week 1 and week 3', 'Thursday'),
(121, 'Kacyiru', 'Gr Supply', 'Offtrade', 'Gentil', '788887973', '5', 'Week 1 and week 3', 'Thursday'),
(122, 'Kacyiru', 'Light In Darkeness', 'Offtrade', 'Niyomugabo', '788230655', '5', 'Week 1 and week 3', 'Thursday'),
(123, 'Giporoso', 'East African Store', 'Offtrade', 'Chris', '788568847', '5', 'Week 1 and week 3', 'Friday'),
(124, 'Giporoso', 'Exch & Pro Services', 'Offtrade', 'Betty', '788442394', '5', 'Week 1 and week 3', 'Friday'),
(125, 'Giporoso', 'Ikana Liquor Store', 'Offtrade', 'Télesphore', '788509678', '5', 'Week 1 and week 3', 'Friday'),
(126, 'Kabeza', 'Inbox Wines&Liquor', 'Offtrade', 'Boniface', '788222056', '5', 'Week 1 and week 3', 'Friday'),
(127, 'Kabeza', 'Chez Maman Betty', 'Offtrade', '', '788442394', '5', 'Week 1 and week 3', 'Friday'),
(128, 'Kabeza', 'Big James', 'Offtrade', 'James', '788831317', '5', 'Week 1 and week 3', 'Friday'),
(129, 'Kabeza', 'Cash Cash', 'Offtrade', 'Cash', '788468106', '5', 'Week 2 and week 4', 'Friday'),
(130, 'Kabeza', 'Foodland', 'Offtrade', '_Manager', '788502585', '5', 'Week 2 and week 4', 'Friday'),
(131, 'Kabeza', 'Emma Fresh&Green Liquor', 'Offtrade', '_Manager', '783816956', '5', 'Week 2 and week 4', 'Friday'),
(132, 'Kabeza', 'Lissaz Mini Market', 'Offtrade', 'Clémentine', '788770438', '5', 'Week 2 and week 4', 'Friday'),
(133, 'Kabeza', 'Ku Mucyo', 'Offtrade', 'Barahira', '789795493', '5', 'Week 2 and week 4', 'Friday'),
(134, 'Kabeza', 'Isange Boutique', 'Offtrade', 'Innocent', '788468106', '5', 'Week 2 and week 4', 'Friday'),
(135, 'Kicukiro', 'King Wines Company', 'Offtrade', 'King', '787158352', '5', 'Week 1 and week 3', 'Saturday'),
(136, 'Kicukiro', 'Liquor DK', 'Offtrade', 'Agaba', '788868180', '5', 'Week 1 and week 3', 'Saturday'),
(137, 'Kicukiro', 'Alimentation MD', 'Offtrade', 'Peter', '788387828', '5', 'Week 1 and week 3', 'Saturday'),
(138, 'Kicukiro', 'Inkindi', 'Offtrade', 'Rodrigue', '789195753', '5', 'Week 1 and week 3', 'Saturday'),
(139, 'Kicukiro', 'The Great Liquor Store', 'Offtrade', 'Geoffry', '781579594', '5', 'Week 1 and week 3', 'Saturday'),
(140, 'Kicukiro', 'Corner Spot Bar&Restaurant', 'Ontrade', 'Vincent', '788549114', '5', 'Week 1 and week 3', 'Saturday'),
(141, 'Kicukiro', 'Toto Shop', 'Offtrade', '_Manager', '783305542', '5', 'Week 1 and week 3', 'Saturday'),
(142, 'Kicukiro', 'Iwacu Plus 250 Bar', 'Offtrade', '_Manager', '783557174', '5', 'Week 1 and week 3', 'Saturday'),
(143, 'Kicukiro', 'Ketia Kayonga ( Station Kicuki', 'Offtrade', '_Manager', '788290182', '5', 'Week 1 and week 3', 'Saturday'),
(144, 'Kicukiro', 'B5 Mini-Market', 'Offtrade', 'Viateur', '788222250', '5', 'Week 1 and week 3', 'Saturday'),
(145, 'Kicukiro', 'Halleuila Mini-Market', 'Offtrade', '_Manager', '788322294', '5', 'Week 1 and week 3', 'Saturday'),
(146, 'Kicukiro', 'Fancy', 'Offtrade', '_Manager', '788826892', '5', 'Week 1 and week 3', 'Saturday'),
(147, 'Kicukiro', '_Empty3', 'Offtrade', 'Michel', '788613140', '5', 'Week 1 and week 3', 'Saturday'),
(148, 'Kicukiro', 'Macbuffey', 'Offtrade', '_Manager', '781519727', '5', 'Week 1 and week 3', 'Saturday'),
(149, 'Kicukiro', 'Abizera', 'Offtrade', '_Manager', '78324555', '5', 'Week 1 and week 3', 'Saturday'),
(150, 'Kicukiro', 'Gwiga', 'Offtrade', '_Manager', '786033899', '5', 'Week 1 and week 3', 'Saturday'),
(151, 'Kinyinya', 'Kazungu', 'Offtrade', '_Manager', '789454978', '5', 'Week 1 and week 3', 'Saturday'),
(152, 'Kinyinya', 'Nshongore', 'Offtrade', '_Manager', '788366324', '5', 'Week 1 and week 3', 'Saturday'),
(153, 'Kinyinya', 'Bosco', 'Offtrade', '_Manager', '788933589', '5', 'Week 1 and week 3', 'Saturday'),
(154, 'Kinyinya', 'Maman Lambert', 'Offtrade', '_Manager', '780484656', '5', 'Week 1 and week 3', 'Saturday'),
(155, 'Kimironko', 'Bm-Azmarino', 'Offtrade', '_Manager', '788313590', '5', 'Week 1 and week 3', 'Thursday'),
(156, 'Kimironko', 'Chez Eric', 'Offtrade', '_Manager', '788456669', '5', 'Week 1 and week 3', 'Thursday'),
(157, 'Kimironko', 'Thomas Shop', 'Offtrade', '_Manager', '788731342', '5', 'Week 1 and week 3', 'Thursday'),
(158, 'Kimironko', 'Augustin', 'Offtrade', '_Manager', '786954942', '5', 'Week 1 and week 3', 'Thursday'),
(159, 'Kimironko', 'Jean De Dieu', 'Offtrade', '_Manager', '788583068', '5', 'Week 1 and week 3', 'Thursday'),
(160, 'Kimironko', 'Eric', 'Offtrade', '_Manager', '784063696', '5', 'Week 1 and week 3', 'Thursday'),
(161, 'Kimironko', 'Judith', 'Offtrade', '_Manager', '788584848', '5', 'Week 1 and week 3', 'Thursday'),
(162, 'Kimironko', 'Niko', 'Offtrade', 'Nocolas/Belyse', '780507459/78461579', '5', 'Week 1 and week 3', 'Thursday'),
(163, 'Kimironko', 'Moran Wineland', 'Offtrade', 'Moriah', '785243220', '5', 'Week 1 and week 3', 'Thursday'),
(164, 'Kimironko', 'Bryan&Bertrand', 'Offtrade', '_Manager', '788206126/788717406', '5', 'Week 1 and week 3', 'Thursday'),
(165, 'Kimironko', 'Ujo Liquor Store Ltd', 'Offtrade', 'Uwase', '787282942', '5', 'Week 1 and week 3', 'Thursday'),
(166, 'Kimironko', 'Njyewe Nawe Shop', 'Offtrade', '_Manager', '788791782', '5', 'Week 2 and week 4', 'Thursday'),
(167, 'Kimironko', 'Kabingo Shop', 'Offtrade', '_Manager', '788644173', '5', 'Week 2 and week 4', 'Thursday'),
(168, 'Kimironko', 'Albert Shop', 'Offtrade', 'Albert', '783014315', '5', 'Week 2 and week 4', 'Thursday'),
(169, 'Kimironko', 'Oli Boutique', 'Offtrade', '_Manager', '787397390', '5', 'Week 2 and week 4', 'Thursday'),
(170, 'Kimironko', 'Alpha Shop', 'Offtrade', '_Manager', '785712396', '5', 'Week 2 and week 4', 'Thursday'),
(171, 'Kimironko', 'Lynda', 'Offtrade', '_Manager', '788301573', '5', 'Week 2 and week 4', 'Thursday'),
(172, 'Kimironko', 'Damour', 'Offtrade', '_Manager', '788982076', '5', 'Week 2 and week 4', 'Thursday'),
(173, 'Kimironko', 'Zindiro Liquor Store', 'Offtrade', '_Manager', '788872057', '5', 'Week 2 and week 4', 'Thursday'),
(174, 'Kimironko', 'Iwacu Kinyaga', 'Offtrade', 'Claudine', '784888530', '5', 'Week 2 and week 4', 'Thursday'),
(175, 'Kimironko', 'Shalom Mini-Market', 'Offtrade', '_Manager', '788296174', '5', 'Week 2 and week 4', 'Thursday'),
(176, 'Kimironko', '_Empty4', 'Offtrade', '_Manager', '788785704', '5', 'Week 2 and week 4', 'Thursday'),
(177, 'Kimironko', 'Kayumba', 'Offtrade', '_Manager', '788308614', '5', 'Week 2 and week 4', 'Thursday'),
(178, 'Kimironko', 'Atistic Bar', 'Ontrade', 'Ntagara', '788478371', '5', 'Week 2 and week 4', 'Thursday'),
(179, 'Kimironko', 'Sandra', 'Offtrade', '_Manager', '781889740', '5', 'Week 2 and week 4', 'Thursday'),
(180, 'Kimironko', 'Callixte', 'Offtrade', '_Manager', '788473770', '5', 'Week 2 and week 4', 'Thursday'),
(181, 'Kimironko', 'Boss Pio', 'Offtrade', '_Manager', '788551473', '5', 'Week 2 and week 4', 'Thursday'),
(182, 'Nyabugogo', 'Eliano', 'Offtrade', 'Eliab/Mme', '788859512/787188033', '5', 'Week 1 and week 3', 'Monday'),
(183, 'Nyabugogo', 'Kagaju Shop', 'Offtrade', 'Francois', '788540811', '5', 'Week 1 and week 3', 'Monday'),
(184, 'Nyabugogo', 'Aliana Shop', 'Offtrade', 'Japhet', '788638635', '5', 'Week 1 and week 3', 'Monday'),
(185, 'Nyabugogo', 'La Douce Wine&Liquor', 'Offtrade', '', '788521425', '5', 'Week 1 and week 3', 'Monday'),
(186, 'Nyabugogo', 'Sawa Citi Engen', 'Offtrade', 'Patrick', '788759784', '5', 'Week 1 and week 3', 'Monday'),
(187, 'Nyabugogo', 'Sawa Citi Giticinyoni', 'Offtrade', 'Charles', '782648776', '5', 'Week 1 and week 3', 'Monday'),
(188, 'Nyabugogo', 'Fulgence Shop', 'Offtrade', 'Fulgence', '788588645', '5', 'Week 1 and week 3', 'Monday'),
(189, 'Nyabugogo', 'Emmanuel Shop', 'Offtrade', 'Emmanuel', '788476628', '5', 'Week 1 and week 3', 'Monday'),
(190, 'Nyabugogo', 'Gratefull Shop', 'Offtrade', 'Pacifique', '789198759', '5', 'Week 1 and week 3', 'Monday'),
(191, 'Nyabugogo', '_Empty5', 'Offtrade', 'Pierre', '786419923', '5', 'Week 1 and week 3', 'Monday'),
(192, 'Nyabugogo', 'Cheap Shop', 'Offtrade', 'Sindayigaya', '788528896', '5', 'Week 1 and week 3', 'Monday'),
(193, 'Nyabugogo', 'Nella Shop', 'Offtrade', 'Nella', '788593548', '5', 'Week 2 and week 4', 'Monday'),
(194, 'Nyabugogo', 'Bru Trading', 'Offtrade', '_Manager', '0788405164/0788539037', '5', 'Week 2 and week 4', 'Monday'),
(195, 'Nyabugogo', 'Au Grand Jour', 'Offtrade', '_Manager', '788651922', '5', 'Week 2 and week 4', 'Monday'),
(196, 'Nyabugogo', 'Cécile Shop', 'Offtrade', 'Cécile', '783199441', '5', 'Week 2 and week 4', 'Monday'),
(197, 'Nyabugogo', 'Francine Shop', 'Offtrade', 'Albert', '788300367', '5', 'Week 2 and week 4', 'Monday'),
(198, 'Nyabugogo', 'Verca Ltd', 'Offtrade', 'William', '788356079', '5', 'Week 2 and week 4', 'Monday'),
(199, 'Nyabugogo', 'Boutique Niyo', 'Offtrade', 'Cash Cash', '788522241', '5', 'Week 2 and week 4', 'Monday'),
(200, 'Nyabugogo', 'Sawa Citi Engen', 'Offtrade', 'Patrick', '788759784', '5', 'Week 2 and week 4', 'Monday'),
(201, 'Nyabugogo', 'Sawa Citi Giticinyoni', 'Offtrade', 'Charles', '782648776', '5', 'Week 2 and week 4', 'Monday'),
(202, 'Nyabugogo', 'Delica', 'Offtrade', 'Delice', '780752246', '5', 'Week 2 and week 4', 'Monday'),
(203, 'Kimisagara', 'Green Corner Mini-Market', 'Offtrade', 'Emmanuel', '788645614', '5', 'Week 2 and week 4', 'Wednesday'),
(204, 'Gikondo', 'Eric Shop', 'Offtrade', 'Eric', '788367523', '5', 'Week 1 and week 3', 'Tuesday'),
(205, 'Gikondo', 'Bisangwa Shop', 'Offtrade', 'Bisangwa', '788281393', '5', 'Week 1 and week 3', 'Tuesday'),
(206, 'Gikondo', 'Liquor Shop', 'Offtrade', '_Manager', '788299192', '5', 'Week 2 and week 4', 'Tuesday'),
(207, 'Gikondo', 'Kazungu Shop', 'Offtrade', 'Kazungu', '788432087', '5', 'Week 2 and week 4', 'Tuesday'),
(208, 'Gikondo', 'Sure Shop', 'Offtrade', 'Christian', '785788572', '5', 'Week 2 and week 4', 'Tuesday'),
(209, 'Gikondo', 'Spiriton', 'Offtrade', 'Nana', '788629396', '5', 'Week 2 and week 4', 'Tuesday'),
(210, 'Rebero Miduha', 'Samuel Shop', 'Offtrade', 'Samuel', '789332507', '5', 'Week 2 and week 4', 'Tuesday'),
(211, 'Rebero Miduha', 'Hakizimana', 'Offtrade', 'Hakizimana', '788498842', '5', 'Week 2 and week 4', 'Tuesday'),
(212, 'Kanombe', 'Oasis', 'Offtrade', 'Desiré', '788829398', '5', 'Week 1 and week 3', 'Saturday'),
(213, 'Kanombe', 'Red Apple Supermarket', 'Offtrade', 'Claude', '788892611', '5', 'Week 2 and week 4', 'Saturday'),
(214, 'Kanombe', 'Home Of Skol Wines&Liquors', 'Offtrade', '_Manager', '788270300', '5', 'Week 2 and week 4', 'Saturday'),
(215, 'Kanombe', 'One Stop Shopping', 'Offtrade', 'Joachim Manager', '788214941', '5', 'Week 2 and week 4', 'Saturday'),
(216, 'Kanombe', 'Sylvie Liquor Store', 'Offtrade', 'Sylvie', '788270300', '5', 'Week 2 and week 4', 'Saturday'),
(217, 'Kanombe', 'Pascal Shop', 'Offtrade', 'Pascal', '788529451', '5', 'Week 2 and week 4', 'Saturday'),
(218, 'Kanombe', 'Hirema Company', 'Offtrade', '_Manager', '787594394', '5', 'Week 2 and week 4', 'Saturday'),
(219, 'Kanombe', 'Amahoro Shop', 'Offtrade', 'Clemence', '788534519', '5', 'Week 2 and week 4', 'Saturday'),
(220, 'Kanombe', 'Hello Market', 'Offtrade', '_Manager', '785379416', '5', 'Week 2 and week 4', 'Saturday'),
(221, 'Kanombe', 'Magufuri Shop', 'Offtrade', '_Manager', '788909579', '5', 'Week 2 and week 4', 'Saturday'),
(222, 'Kanombe', 'Sylvain Shop', 'Offtrade', 'Sylvain', '788270300', '5', 'Week 2 and week 4', 'Saturday'),
(223, 'Kanombe', 'Innocent Shop', 'Offtrade', 'Innocent', '781198223', '5', 'Week 2 and week 4', 'Saturday'),
(224, 'Kanombe', 'Grace  Shop', 'Offtrade', 'Grace', '784062443', '5', 'Week 2 and week 4', 'Saturday'),
(225, 'Kanombe', 'Kazungu Shop', 'Offtrade', 'Alex', '788466301', '5', 'Week 2 and week 4', 'Saturday'),
(226, 'Kanombe', 'Naomie Shop', 'Offtrade', 'Naomie', '783236887', '5', 'Week 2 and week 4', 'Saturday'),
(227, 'Kanombe', 'Red Apple Supermarket', 'Offtrade', 'Claude', '788892611', '5', 'Week 2 and week 4', 'Saturday'),
(228, 'Kanombe', 'Joseph Liquor Shop', 'Offtrade', 'Joseph', '788395928', '5', 'Week 2 and week 4', 'Saturday'),
(229, 'Kabuga', 'Kazungu Shop', 'Offtrade', 'Kazungu', '788583932/782109326', '5', 'Week 2 and week 4', 'Saturday'),
(230, 'Kabuga', 'Nt Supermarket', 'Offtrade', '_Manager', '788840684', '5', 'Week 2 and week 4', 'Saturday'),
(231, 'Kabuga', 'M&C Supply', 'Offtrade', '_Manager', '788316628', '5', 'Week 2 and week 4', 'Saturday'),
(232, 'Kabuga', 'Vestine Shop', 'Offtrade', 'Vestine', '783034854', '5', 'Week 2 and week 4', 'Saturday'),
(233, 'Kabuga', 'Liquor Store', 'Offtrade', 'Alice', '787670033', '5', 'Week 2 and week 4', 'Saturday'),
(234, 'Kabuga', 'Oliba Supermarket', 'Offtrade', 'Fiona', '788418396', '5', 'Week 2 and week 4', 'Saturday'),
(235, 'Nyarugenge', 'German Butchery', 'Offtrade', 'Gatou', '788851428', '3', 'Week 1 and week 3', 'Monday'),
(236, 'Nyarugenge', 'La Galette', 'Offtrade', 'Fifi', '788861654', '3', 'Week 1 and week 3', 'Monday'),
(237, 'Nyarugenge', 'Kimé', 'Offtrade', 'Alain', '786416658', '3', 'Week 1 and week 3', 'Monday'),
(238, 'Nyarugenge', 'Simba Supermarket( Centenary)', 'Offtrade', 'Peter', '788647299', '3', 'Week 1 and week 3', 'Monday'),
(239, 'Nyarugenge', 'Simba Supermarket (City center', 'Offtrade', 'Sam', '784686026', '3', 'Week 1 and week 3', 'Monday'),
(240, 'Nyarugenge', 'Deli Store Sopetrade', 'Offtrade', '_Manager', '', '3', 'Week 1 and week 3', 'Monday'),
(241, 'Nyarugenge', 'Deli Store Town', 'Offtrade', '_Manager', '', '3', 'Week 1 and week 3', 'Monday'),
(242, 'Nyarugenge', 'Sharma Supermarket', 'Offtrade', '_Manager', '788442279', '3', 'Week 2 and week 4', 'Monday'),
(243, 'Nyamirambo', 'Mango Supermarket', 'Offtrade', 'King James/ Christine', '730397671/788475444', '3', 'Week 2 and week 4', 'Monday'),
(244, 'Nyamirambo', 'Alimentation Laveridille', 'Offtrade', 'Innocent', '782591000', '3', 'Week 2 and week 4', 'Monday'),
(245, 'Nyamirambo', 'Happy Mart', 'Offtrade', 'Charles', '784166760', '3', 'Week 2 and week 4', 'Monday'),
(246, 'Gikondo', 'Familly Mart Supermarket', 'Offtrade', 'Moses', '781449168', '3', 'Week 2 and week 4', 'Monday'),
(247, 'Gikondo', 'Vege Supermarket', 'Offtrade', '_Manager', '788504512', '3', 'Week 2 and week 4', 'Monday'),
(248, 'Gikondo', 'M&G ', 'Offtrade', '_Manager', '788768820', '3', 'Week 2 and week 4', 'Monday'),
(249, 'Gikondo', 'Convenience Mini Market', 'Offtrade', '_Manager', '782591000', '3', 'Week 1 and week 3', 'Tuesday'),
(250, 'Gikondo', 'Le Prestige', 'Offtrade', '_Manager', '788453473', '3', 'Week 1 and week 3', 'Tuesday'),
(251, 'Gikondo', 'Teta Shop', 'Offtrade', '_Manager', '785716728', '3', 'Week 1 and week 3', 'Tuesday'),
(252, 'REBERO', 'La Cochette Boutique', 'Offtrade', 'Aline', '788567736', '3', 'Week 1 and week 3', 'Tuesday'),
(253, 'Kiyovu', 'Super One Foods Supermarket', 'Offtrade', '_Manager', '785140703', '3', 'Week 1 and week 3', 'Tuesday'),
(254, 'Kiyovu', 'La Gardienne', 'Offtrade', 'Florence', '788692087', '3', 'Week 1 and week 3', 'Tuesday'),
(255, 'Kiyovu', 'Habari trading', 'Offtrade', 'Cito', '786933508', '3', 'Week 1 and week 3', 'Tuesday'),
(256, 'Kacyiru', 'Vista Supermarket', 'Offtrade', 'Emmanuel Nyirinkindi', '788211519', '3', 'Week 2 and week 4', 'Tuesday'),
(257, 'Kacyiru', 'Alimentation Le Panier', 'Offtrade', 'Claude', '781818576', '3', 'Week 2 and week 4', 'Tuesday'),
(258, 'Kacyiru', 'Crystal Supermarket', 'Offtrade', 'Helène', '788322304', '3', 'Week 2 and week 4', 'Tuesday'),
(259, 'Kacyiru', 'Alimentation La nouvelle Sourc', 'Offtrade', '_Manager', '788452030', '3', 'Week 2 and week 4', 'Tuesday'),
(260, 'Kimihurura', 'Simba Supermarket( KH )', 'Offtrade', 'Mike', '787485296', '3', 'Week 2 and week 4', 'Tuesday'),
(261, 'Kimihurura', 'Patel Supermarket', 'Offtrade', '_Manager', '788665800', '3', 'Week 2 and week 4', 'Tuesday'),
(262, 'Kimihurura', 'Soul Wines Ltd', 'Offtrade', 'Gerald Sezibera', '788308020', '3', 'Week 2 and week 4', 'Tuesday'),
(263, 'Kimihurura', 'Vestine shop', 'Offtrade', 'Vestine', '788607791', '3', 'Week 2 and week 4', 'Tuesday'),
(264, 'Gacuriro', 'Corner Supermarket Ltd', 'Offtrade', 'Jeannine', '788302020', '3', 'Week 1 and week 3', 'Friday'),
(265, 'Gacuriro', 'SAVERS SUPERMAKET', 'Offtrade', 'Sifah', '783830460', '3', 'Week 1 and week 3', 'Friday'),
(266, 'Gacuriro', 'TITUS SUPERMARKET', 'Offtrade', 'Jeannine', '788302020', '3', 'Week 1 and week 3', 'Friday'),
(267, 'Gacuriro', 'Once upon on Bottle Ltd', 'Offtrade', 'Danny', '787331533', '3', 'Week 1 and week 3', 'Friday'),
(268, 'Gacuriro', 'Safa Bakery', 'Offtrade', 'Shema', '786017431', '3', 'Week 1 and week 3', 'Friday'),
(269, 'Nyarutarama', 'Kigali Buchery', 'Offtrade', 'Anselme', '788300707', '3', 'Week 1 and week 3', 'Saturday'),
(270, 'Nyarutarama', 'Good Sun Supermarket', 'Offtrade', 'Françoise', '788879011', '3', 'Week 1 and week 3', 'Saturday'),
(271, 'Nyarutarama', 'Dmall Supermarket', 'Offtrade', 'Nancy', '786258279', '3', 'Week 1 and week 3', 'Saturday'),
(272, 'Nyarutarama', 'Sandy`s Shop', 'Offtrade', 'Sandra', '788403005', '3', 'Week 1 and week 3', 'Saturday'),
(273, 'Nyarutarama', 'Bright store Ltd', 'Offtrade', 'Bosco', '785450052', '3', 'Week 1 and week 3', 'Friday'),
(274, 'Gishushu', 'Simba Supermarket', 'Offtrade', 'Frezghi', '786058485', '3', 'Week 1 and week 3', 'Friday'),
(275, 'Remera', 'Sawa Citi Remera', 'Offtrade', 'Abu', '788300986', '3', 'Week 1 and week 3', 'Saturday'),
(276, 'Remera', 'Ganza Supermarket (Sonatube)', 'Offtrade', 'Robert Mutabazi', '788630062', '3', 'Week 1 and week 3', 'Saturday'),
(277, 'Remera', 'Ndoli Supermarket', 'Offtrade', 'Fred', '789056531', '3', 'Week 1 and week 3', 'Saturday'),
(278, 'Remera', 'Zimano Supermarket', 'Offtrade', '_Manager', '788574536', '3', 'Week 1 and week 3', 'Saturday'),
(279, 'Remera', 'Amigo Supermarket', 'Offtrade', 'Mme Albert', '788555150', '3', 'Week 1 and week 3', 'Saturday'),
(280, 'Remera', 'Best Friends Supermarket', 'Offtrade', 'Charles', '788539460', '3', 'Week 1 and week 3', 'Saturday'),
(281, 'Remera', 'Terrassa', 'Offtrade', 'Dr Joseph', '788302821', '3', 'Week 2 and week 4', 'Saturday'),
(282, 'Remera', 'Hot Shot', 'Offtrade', 'Manzi', '788202771', '3', 'Week 2 and week 4', 'Saturday'),
(283, 'Remera', 'Liège', 'Offtrade', 'Marie Ange', '789292692', '3', 'Week 2 and week 4', 'Saturday'),
(284, 'Remera', 'Nana`s Wines & Spirits Corner', 'Offtrade', 'Scovia', '788622554', '3', 'Week 2 and week 4', 'Saturday'),
(285, 'Remera', 'The Liquor Store(Gaga)', 'Offtrade', 'Gaga', '788308016', '3', 'Week 2 and week 4', 'Saturday'),
(286, 'Remera', 'The Big Wines & Liquors', 'Offtrade', 'James', '788831317', '3', 'Week 2 and week 4', 'Saturday'),
(287, 'Remera', 'Ndoli Supermarket', 'Offtrade', 'Fred', '789056531', '3', 'Week 2 and week 4', 'Saturday'),
(288, 'Remera', 'Chez Marg', 'Offtrade', 'Marguerite', '788303927', '3', 'Week 2 and week 4', 'Saturday'),
(289, 'Remera', 'Tamu Food & Beverages Ltd', 'Offtrade', 'Jude', '788525955', '3', 'Week 2 and week 4', 'Saturday'),
(290, 'Remera', 'Spot 6', 'Offtrade', 'Aima', '783523034', '3', 'Week 2 and week 4', 'Saturday'),
(291, 'Remera', 'Alep Business company', 'Offtrade', 'Arielle', '786012269', '3', 'Week 1 and week 3', 'Thursday'),
(292, 'Remera', 'The House Liquor Store', 'Offtrade', 'Daddy', '788218029', '3', 'Week 1 and week 3', 'Thursday'),
(293, 'Remera', 'Urban Liquor Store', 'Offtrade', 'James', '787174599', '3', 'Week 1 and week 3', 'Wednesday'),
(294, 'Remera', 'Emma`S Choice & Supplies Ltd', 'Offtrade', 'Emmanuel ', '788725970', '3', 'Week 1 and week 3', 'Wednesday'),
(295, 'Remera', 'Kay Suppliers', 'Offtrade', 'Alex/Flora', '785712203/788855495', '3', 'Week 1 and week 3', 'Wednesday'),
(296, 'Remera', 'Amigo Supermarket', 'Offtrade', 'Mme Albert', '788555150', '3', 'Week 1 and week 3', 'Wednesday'),
(297, 'Remera', 'The Liquor Tap', 'Offtrade', 'Sophie', '788765119', '3', 'Week 1 and week 3', 'Wednesday'),
(298, 'Remera', 'Rebirth', 'Offtrade', 'Medi', '783865585', '3', 'Week 1 and week 3', 'Wednesday'),
(299, 'Remera', 'Best Way Supermarket', 'Offtrade', 'Desiré', '788868844', '3', 'Week 1 and week 3', 'Wednesday'),
(300, 'Remera', 'Drip Drop', 'Offtrade', 'Franck', '783085509', '3', 'Week 1 and week 3', 'Wednesday'),
(301, 'Remera', 'CHAMPION BEVERAGE STORE', 'Offtrade', 'Edouard', '788555269', '3', 'Week 1 and week 3', 'Wednesday'),
(302, 'Remera', 'El Camino', 'Offtrade', 'Eric', '783559956', '3', 'Week 1 and week 3', 'Wednesday'),
(303, 'Remera', 'M Beverages', 'Offtrade', 'Umutesi Christine', '785992372', '3', 'Week 1 and week 3', 'Wednesday'),
(304, 'Remera', 'King Wines Company', 'Offtrade', 'King', '787158352', '3', 'Week 1 and week 3', 'Wednesday'),
(305, 'Remera', 'Best Friends Supermarket', 'Offtrade', 'Charles', '788539460', '3', 'Week 1 and week 3', 'Wednesday'),
(306, 'Remera', 'RGM INVZ Ltd', 'Offtrade', 'Emma', '783523034', '3', 'Week 1 and week 3', 'Thursday'),
(307, 'Remera', 'MKS ', 'Offtrade', 'Steven', '788268623', '3', 'Week 1 and week 3', 'Thursday'),
(308, 'Remera', 'M&J Distributors', 'Offtrade', 'Antoinette', '788447804', '3', 'Week 1 and week 3', 'Thursday'),
(309, 'Remera', 'Rosine shop', 'Offtrade', 'Rosine', '783694803', '3', 'Week 1 and week 3', 'Thursday'),
(310, 'Remera', 'Zazou', 'Offtrade', 'Michaella', '788918824', '3', 'Week 1 and week 3', 'Thursday'),
(311, 'Remera', 'Liquor House', 'Offtrade', 'Anthony', '788485633', '3', 'Week 1 and week 3', 'Thursday'),
(312, 'Remera', 'Camino', 'Offtrade', 'Momo', '788824036', '3', 'Week 1 and week 3', 'Thursday'),
(313, 'Remera', 'Nero Agencies', 'Offtrade', 'Reggy/Rodrigue', '783114532/782327412', '3', 'Week 1 and week 3', 'Thursday'),
(314, 'Remera', '', 'Offtrade', 'Michel', '788607412', '3', 'Week 1 and week 3', 'Wednesday'),
(315, 'Remera', 'E&J Wines', 'Offtrade', 'Ernest/Joy', '788312338/788309656', '3', 'Week 1 and week 3', 'Wednesday'),
(316, 'Remera', 'Moses', 'Offtrade', '_Manager', '786675564', '3', 'Week 1 and week 3', 'Wednesday'),
(317, 'Remera', 'Carrier Global', 'Offtrade', 'Emmanuel Nyambaje', '788489039', '3', 'Week 1 and week 3', 'Wednesday'),
(318, 'Remera', 'Dallas Caw boys', 'Offtrade', 'Pacifique', '781921966', '3', 'Week 1 and week 3', 'Wednesday'),
(319, 'Remera', 'Champion liquor store', 'Offtrade', 'Alexis', '788430597', '3', 'Week 2 and week 4', 'Wednesday'),
(320, 'Remera', 'Best Way Supermarket', 'Offtrade', 'Desiré', '788868844', '3', 'Week 2 and week 4', 'Wednesday'),
(321, 'Remera', 'Didi`s Liquor store', 'Offtrade', 'Diane', '788354012', '3', 'Week 2 and week 4', 'Wednesday'),
(322, 'Remera', 'JM Liquor Isange', 'Offtrade', 'Dushimirrimana Jean-Marie Vian', '788666513', '3', 'Week 2 and week 4', 'Wednesday'),
(323, 'Remera', 'La Croisièrre', 'Offtrade', '_Manager', '781888165', '3', 'Week 2 and week 4', 'Wednesday'),
(324, 'Remera', 'EXC Pro Services', 'Offtrade', 'Manzi', '788239455', '3', 'Week 2 and week 4', 'Wednesday'),
(325, 'Remera', 'Castle liquor store', 'Offtrade', 'Salomon', '788751174', '3', 'Week 2 and week 4', 'Wednesday'),
(326, 'Remera', 'Imma Liquors', 'Offtrade', 'Evodia', '788552035', '3', 'Week 2 and week 4', 'Wednesday'),
(327, 'Remera', 'Griffin Liquor store', 'Offtrade', 'Sharon', '780266646', '3', 'Week 2 and week 4', 'Wednesday'),
(328, 'Kicukiro', 'EURO MART SUPERMARKET', 'Offtrade', 'Laurent', '783112139', '3', 'Week 2 and week 4', 'Wednesday'),
(329, 'Kicukiro', 'The Hut Store', 'Offtrade', '_Manager', '788304788', '3', 'Week 2 and week 4', 'Wednesday'),
(330, 'Kicukiro', 'Alimentation MD', 'Offtrade', 'Peter', '788387828', '3', 'Week 2 and week 4', 'Wednesday'),
(331, 'Kicukiro', 'Noden Supermarket', 'Offtrade', 'Tina', '783614241', '3', 'Week 2 and week 4', 'Wednesday'),
(332, 'Kicukiro', 'Bolifica Liquor store', 'Offtrade', 'Bona', '781882500', '3', 'Week 2 and week 4', 'Wednesday'),
(333, 'Kicukiro', 'Simba Supermarket', 'Offtrade', 'Franck', '788548187', '3', 'Week 2 and week 4', 'Wednesday'),
(334, 'Kimironko', 'Simba Supermarket ', 'Offtrade', 'Raphaël', '781293997', '3', 'Week 1 and week 3', 'Thursday'),
(335, 'Kimironko', 'IGIHOZO SUPERMAKERT', 'Offtrade', '_Manager', '788462258', '3', 'Week 1 and week 3', 'Thursday'),
(336, 'Kimironko', 'Ihirwe Elisa Shop', 'Offtrade', '_Manager', '785482359', '3', 'Week 2 and week 4', 'Thursday'),
(337, 'Kimironko', 'Deluxe Supermarket', 'Offtrade', 'Theogène Niyigena', '786287234', '3', 'Week 2 and week 4', 'Thursday'),
(338, 'Kimironko', 'SJ Marine Supermarket', 'Offtrade', 'Shemeza Jean Baptiste', '788416180', '3', 'Week 2 and week 4', 'Thursday'),
(339, 'Kimironko', 'Four Brothers', 'Offtrade', 'Mupenzi', '788486425', '3', 'Week 2 and week 4', 'Thursday'),
(340, 'Kimironko', 'Olecia', 'Offtrade', 'Rachelle', '784289796', '3', 'Week 2 and week 4', 'Thursday'),
(341, 'Kimironko', 'Ganza Mini Market', 'Offtrade', '_Manager', '788630062', '3', 'Week 2 and week 4', 'Thursday'),
(342, 'Kimironko', 'Krishna Supermarket', 'Offtrade', 'Mike', '783072079', '3', 'Week 2 and week 4', 'Thursday'),
(343, 'Kimironko', 'I&S Mini market', 'Offtrade', 'Florence', '780534404', '3', 'Week 2 and week 4', 'Thursday'),
(344, 'Kimironko', 'Intego Supermarket', 'Offtrade', 'Vedaste', '788370588', '3', 'Week 2 and week 4', 'Thursday'),
(345, 'Kimironko', 'Alpha Shop', 'Offtrade', '_Manager', '785712396', '3', 'Week 2 and week 4', 'Thursday'),
(346, 'Kimironko', 'T&T Supermarket', 'Offtrade', 'Dénis', '788594405', '3', 'Week 2 and week 4', 'Thursday'),
(347, 'Kimironko', 'Japax Supermarket', 'Offtrade', '_Manager', '788351602', '3', 'Week 2 and week 4', 'Thursday'),
(348, 'Kabeza', 'Foodland', 'Offtrade', '_Manager', '788502585', '3', 'Week 2 and week 4', 'Wednesday'),
(349, 'Kabeza', 'Lissaz Supermarket', 'Offtrade', '_Manager', '788770438', '3', 'Week 2 and week 4', 'Wednesday'),
(350, 'Kibagabaga', 'Solution Supermarket', 'Offtrade', '_Manager', '788792025', '3', 'Week 1 and week 3', 'Friday'),
(351, 'Kibagabaga', 'GENECOM Ltd', 'Offtrade', 'Chartine', '788441066', '3', 'Week 2 and week 4', 'Friday'),
(352, 'Kibagabaga', 'DV Supermarket', 'Offtrade', 'Benjamen', '788301023', '3', 'Week 2 and week 4', 'Friday'),
(353, 'Kibagabaga', 'Shop&Save ', 'Offtrade', '_Manager', '78673524', '3', 'Week 2 and week 4', 'Friday'),
(354, 'Kibagabaga', 'Samba Supermarket', 'Offtrade', 'Rusi', '785774094', '3', 'Week 2 and week 4', 'Friday'),
(355, 'Kibagabaga', 'Best Way Supermarket', 'Offtrade', 'Piyush', '785163614', '3', 'Week 2 and week 4', 'Friday'),
(356, 'Kiyovu', 'SEBA GROUP', 'Offtrade', 'Athanase', '788308223', '3', 'Week 2 and week 4', 'Friday'),
(357, 'Rusororo', 'Umunyinya Supermarket', 'Offtrade', 'Patrick', '788304797', '3', 'Week 2 and week 4', 'Friday'),
(358, '_Empty', '_Empty1', 'Offtrade', '_Manager', '', '3', 'Week 2 and week 4', 'Friday'),
(359, 'Rubavu', 'Jambo Supermarket', 'Offtrade', 'Abraham', '781464970', '3', 'Week 2 and week 4', 'Friday'),
(360, '_Empty', '_Empty2', 'Offtrade', '_Manager', '', '3', 'Week 2 and week 4', 'Friday'),
(361, 'Musanze', 'Deluxe Supermarket', 'Offtrade', 'Ildephonse', '785795277', '3', 'Week 2 and week 4', 'Friday');

-- --------------------------------------------------------

--
-- Table structure for table `b2b_product`
--

DROP TABLE IF EXISTS `b2b_product`;
CREATE TABLE IF NOT EXISTS `b2b_product` (
  `id` int(10) NOT NULL DEFAULT '0',
  `name_product` varchar(100) NOT NULL DEFAULT '',
  `category_product` int(3) NOT NULL,
  `carton_product` varchar(50) NOT NULL DEFAULT '',
  `size_product` varchar(35) NOT NULL,
  `serial_product` varchar(50) NOT NULL DEFAULT '',
  `price_ontrade_product` varchar(25) NOT NULL DEFAULT '',
  `price_offtrade_product` varchar(25) NOT NULL DEFAULT ''
) ENGINE=MyISAM DEFAULT CHARSET=latin1;

--
-- Dumping data for table `b2b_product`
--

INSERT INTO `b2b_product` (`id`, `name_product`, `category_product`, `carton_product`, `size_product`, `serial_product`, `price_ontrade_product`, `price_offtrade_product`) VALUES
(1, 'ABSOLUT VODKA 40%', 1, '12 X 100 CL', '100 CL', '7312040017034', '18000', '20000'),
(2, 'ABSOLUT VODKA 40%', 1, '12 X 75 CL', '75 CL', '7312040017010', '16000', '18000'),
(3, 'ABSOLUT VODKA 40%', 1, '12 X 37,5 CL', '37,5 CL', '7312040017591', '7500', '9000'),
(4, 'ABSOLUT VODKA MANGO 40%', 1, '12 x 100 CL', '100 CL', '7312040181001', '21000', '24000'),
(5, 'ABSOLUT VODKA CITRON 40%', 1, '12 x 100 CL', '', '7312040090105', '21000', '24000'),
(6, 'ABSOLUT VODKA VANILIA 40%', 1, '12 x 100 CL', '', '7312040060108', '21000', '24000'),
(7, 'ABSOLUT VODKA RASPBERRY 40%', 1, '12 x 100 CL', '100 CL', '7312040040100', '21000', '24000'),
(8, 'ABSOLUT VODKA MANDRIN 40%', 1, '12 x 100 CL', '100 CL', '7312040050109', '21000', '24000'),
(9, 'BALLANTINE`S FINEST WHISKY 40%', 2, '24 X 20 CL', '', '5010106113493', '4000', '5000'),
(10, 'BALLANTINE`S FINEST WHISKY 40%', 2, '24 X 37.5 CL', '', '5010106112250', '7500', '9000'),
(11, 'BALLANTINE`S FINEST WHISKY 40%', 2, '12 x 100 CL', '', '5010106111956', '17000', '20000'),
(12, 'BALLANTINE`S FINEST WHISKY 12 YO 40%', 2, '12 X 100 CL', '', '5010106110256', '30000', '35000'),
(13, 'CHIVAS REGAL WHISKY 12 YO 40%', 2, '12 X 100 CL', '', '0080432400432', '35000', '40000'),
(14, 'CHIVAS REGAL WHISKY 12 YO 40%', 2, '12 X 75 CL', '', '0080432400395', '28000', '32000'),
(15, 'CHIVAS REGAL WHISKY 12 YO 40%', 2, '12 X 37,5 CL', '', '0080432400388', '14000', '16000'),
(16, 'CHIVAS EXTRA REGAL WHISKY 40%', 2, '6 X 75 CL', '', '5000299611197', '36000', '40000'),
(17, 'CHIVAS REGAL WHISKY 15 YO 40%', 2, '6 X 75 CL', '', '5000299622094', '40000', '45000'),
(18, 'CHIVAS REGAL WHISKY 18 YO 40%', 2, '6 X 100 CL', '', '5000299255049', '70000', '80000'),
(19, 'ROYAL SALUTE WHISKY 21 YO 40%', 2, '6 X 70 CL', '', '5000299211243', '180000', '200000'),
(20, 'CHIVAS REGAL WHISKY 25 YO 40%', 2, '3 X 70 CL', '', '5000299284926', '400000', '450000'),
(21, 'JAMESON WHISKEY 40%', 3, '6 x 100 CL', '', '5011007003227', '24000', '28000'),
(22, 'JAMESON WHISKEY 40%', 3, '12 X 75 CL', '', '5011007003029', '19000', '22000'),
(23, 'JAMESON WHISKEY 40%', 3, '12 X 35 CL', '', '5011007003654', '9500', '11000'),
(24, 'JAMESON BLACK BARREL WHISKEY 40%', 3, '6 X 75 CL', '', '5011007024000', '32000', '36000'),
(25, 'BEEFEATER GIN 40%', 5, '12 X 35 CL', '', '5000329006054', '7000', '9000'),
(26, 'BEEFEATER GIN 40%', 5, '12 X 100 CL', '', '5000329002278', '17000', '20000'),
(27, 'BEEFEATER PINK STRAWBERRY 37.5%', 5, '6 X 75 CL', '', '5000299618073', '16500', '19000'),
(28, 'KAHLUA LIQUEUR 20%', 6, '12 x 100 CL', '', '7610594251950', '23000', '26000'),
(29, 'HAVANA CLUB RHUM ANEJO', 7, '3 YEARS OLD 6 x 100 CL', '', '8501110080255', '17000', '20000'),
(30, 'HAVANA CLUB RHUM ANEJO', 7, 'ESPECIAL 6 X 100 CL', '', '8501110080903', '19000', '22000'),
(31, 'HAVANA CLUB RHUM ANEJO', 7, '7 YEARS OLD 6 x 100 CL', '', '8501110080453', '34000', '38000'),
(32, 'MALIBU LIQUEUR 21%', 8, '6 x 100 CL', '', '5010284100025', '20000', '23000'),
(33, 'MARTELL COGNAC VSOP RED BARREL 40%', 9, '12 x 100 CL', '', '3219820005868', '73000', '80000'),
(34, 'MARTELL COGNAC XO 40%', 9, '12 x 70 CL', '', '3219820003703', '250000', '280000'),
(35, 'MUMM CHAMPAGNE CORDON ROUGE', 10, '6 X 75 CL', '', '3043700103814', '68000', '72000'),
(36, 'OLMECA TEQUILA BLANCO 38%', 11, '12 X 100 CL', '', '080432402207', '25000', '28000'),
(37, 'OLMECA TEQUILA GOLD 38%', 11, '12 X 100 CL', '', '080432104255', '25000', '28000'),
(38, 'OLMECA TEQUILA CHOCO 35%', 11, '12 X 75 CL', '', '080432107249', '24000', '27000'),
(39, 'RICARD 45%', 12, '12 x 100 CL', '', '3163937010003', '20000', '23000'),
(40, 'PASSPORT WHISKY 40%', 12, '12 x 100 CL', '', '5000299210079', '14000', '17000'),
(41, 'THE GLENLIVET WHISKY FOUNDERS RESERVE 40%', 13, '12 X 100 CL', '', '5000299609897', '55000', '60000'),
(42, 'THE GLENLIVET WHISKY 15 YO 40%', 13, '6 x 100 CL', '', '5000299295045', '65000', '75000'),
(43, 'IMPERIAL BLUE 42.8%', 14, '12 X 75 CL', '', '8901522000108', '5700', '7000'),
(44, 'IMPERIAL BLUE 42.8%', 14, '48 X 180 ML', '180 ML', '8901522002102', '1600', '2000'),
(45, 'ROYAL STAG 42.8%', 14, '12 X 75 CL', '', '8901522000092', '7200', '8000'),
(46, 'ROYAL STAG 42.8%', 14, '48 X 180 ML', '', '8901522002096', '1900', '2200'),
(47, 'JACOB`S CREEK CLASSIC MERLOT 13.9%', 4, '6 x 75 CL', '', '9300727508287', '10000', '12000'),
(48, 'JACOB`S CREEK CLASSIC SHIRAZ 13.9%', 4, '6 x 75 CL', '', '9300727488275', '10000', '12000'),
(49, 'JACOB`S CREEK RESERVE SHIRAZ 14.3%', 4, '6 x 75 CL', '', '9300727004048', '17000', '20000'),
(50, 'JACOB`S CREEK DBLE BARREL SHIRAZ 14.8%', 4, '6 x 75 CL', '', '9300727024480', '26000', '30000'),
(51, 'JACOB`S CREEK CLASSIC CHARDONNAY 12.8%', 4, '6 x 75 CL', '', '9300727406538', '10000', '12000'),
(52, 'JACOB`S CREEK RESERVE CHARDONNAY 12.7%', 4, '6 x 75 CL', '', '9300727004741', '17000', '20000'),
(53, 'JACOB`S CREEK CLASSIC CRISP ROSE 12.3%', 4, '6 x 75 CL', '', '9300727019967', '10000', '12000'),
(54, 'BRANCOTT ESTATE CL SAUVIGNON BLANC 13%', 4, '6 x 75 CL', '', '9414024514275', '16000', '19000'),
(55, 'CAMPO VIEJO TEMPRANILLO 13.5%', 4, '6 x 75 CL', '', '8410302106300', '14000', '17000'),
(56, 'CAMPO VIEJO RESERVA 13.5%', 4, '6 x 75 CL', '', '8410302107697', '20000', '24000'),
(57, 'PINTA NEGRA RED', 4, '6 X 75 CL', '', '5600209865230', '7500', '10000'),
(58, 'PINTA NEGRA WHITE', 4, '6 X 75 CL', '', '5600209865148', '7500', '10000'),
(59, 'PINTA NEGRA ROSE', 4, '6 X 75 CL', '', '5600209865155', '7500', '10000'),
(60, 'PINTA NEGRA RED 5L', 4, '4 X 5 L', '', '5600209865254', '27000', '30000'),
(61, 'PINTA NEGRA RED 3L', 4, '6 X 3 L', '', '5600209865285', '18000', '20000'),
(62, 'PINTA NEGRA WHITE 5L', 4, '4 X 5 L', '', '5600209865391', '27000', '30000'),
(63, 'ADEGAMAE SPARKLING WINE BRUT 12%', 4, '6 X 75 CL', '', '5600999400314', '15000', '20000');

-- --------------------------------------------------------

--
-- Table structure for table `b2b_user`
--

DROP TABLE IF EXISTS `b2b_user`;
CREATE TABLE IF NOT EXISTS `b2b_user` (
  `id` int(10) NOT NULL DEFAULT '0',
  `firstname_user` varchar(35) NOT NULL DEFAULT '',
  `lastname_user` varchar(35) NOT NULL DEFAULT '',
  `phone_user` varchar(10) NOT NULL DEFAULT '',
  `email_user` varchar(50) NOT NULL DEFAULT '',
  `login_user` varchar(35) NOT NULL DEFAULT '',
  `password_user` varchar(35) NOT NULL DEFAULT '',
  `type_user` int(1) NOT NULL DEFAULT '0'
) ENGINE=MyISAM DEFAULT CHARSET=latin1;

--
-- Dumping data for table `b2b_user`
--

INSERT INTO `b2b_user` (`id`, `firstname_user`, `lastname_user`, `phone_user`, `email_user`, `login_user`, `password_user`, `type_user`) VALUES
(1, 'Alain', 'Valery', '0786975415', 'alain@tianis.rw', 'tianisAdmin', 't1Y6j7sY6CHaE', 1),
(2, 'Diane', 'Bampire', '0786642086', 'diane@tianis.rw', 'diane', 't1iXkCnHNdxsY', 2),
(5, 'Mutabazi', 'Jules', '0788281883', 'jules@tianis.rw', 'jules', 't1c8WEcUvvhY.', 3),
(4, 'Ndayisenga', 'Jean Claude', '0781064322', 'claude@tianis.rw', 'claude', 't1vKJBHNW9eCA', 2),
(3, 'Hatungimana', 'Theodomir', '0784304204', 'theodomir@tianis.rw', 'theodomir', 't1csZga0AzaZo', 3),
(6, 'Rukundo', 'Alain Romaric', '0781405794', 'rukundo@tianis.rw', 'rukundo', 't1NWlmmx7jmF2', 3);

-- --------------------------------------------------------

--
-- Table structure for table `b2b_user_outlet`
--

DROP TABLE IF EXISTS `b2b_user_outlet`;
CREATE TABLE IF NOT EXISTS `b2b_user_outlet` (
  `id_user` int(10) NOT NULL DEFAULT '0',
  `id_outlet` int(10) NOT NULL DEFAULT '0',
  `cycle_week` varchar(35) DEFAULT NULL,
  `cycle_day` varchar(35) DEFAULT NULL
) ENGINE=MyISAM DEFAULT CHARSET=latin1;

--
-- Dumping data for table `b2b_user_outlet`
--

INSERT INTO `b2b_user_outlet` (`id_user`, `id_outlet`, `cycle_week`, `cycle_day`) VALUES
(6, 1, 'Week 2 and week 4', 'Monday'),
(6, 2, 'Week 2 and week 4', 'Monday'),
(6, 3, 'Week 1 and week 3', 'Thursday'),
(6, 4, 'Week 1 and week 3', 'Wednesday'),
(6, 5, 'Week 1 and week 3', 'Wednesday'),
(6, 6, 'Week 1 and week 3', 'Wednesday'),
(6, 7, 'Week 1 and week 3', 'Thursday'),
(6, 8, 'Week 1 and week 3', 'Monday'),
(6, 9, 'Week 1 and week 3', 'Monday'),
(6, 10, 'Week 1 and week 3', 'Monday'),
(6, 11, 'Week 1 and week 3', 'Monday'),
(6, 12, 'Week 1 and week 3', 'Monday'),
(6, 13, 'Week 1 and week 3', 'Monday'),
(6, 14, 'Week 1 and week 3', 'Monday'),
(6, 15, 'Week 1 and week 3', 'Monday'),
(6, 16, 'Week 1 and week 3', 'Monday'),
(6, 17, 'Week 2 and week 4', 'Monday'),
(6, 18, 'Week 2 and week 4', 'Monday'),
(6, 19, 'Week 2 and week 4', 'Monday'),
(6, 20, 'Week 2 and week 4', 'Monday'),
(6, 21, 'Week 2 and week 4', 'Monday'),
(6, 22, 'Week 2 and week 4', 'Monday'),
(6, 23, 'Week 2 and week 4', 'Monday'),
(6, 24, 'Week 1 and week 3', 'Thursday'),
(6, 25, 'Week 1 and week 3', 'Thursday'),
(6, 26, 'Week 1 and week 3', 'Thursday'),
(6, 27, 'Week 1 and week 3', 'Thursday'),
(6, 28, 'Week 2 and week 4', 'Thursday'),
(6, 29, 'Week 2 and week 4', 'Thursday'),
(6, 30, 'Week 1 and week 3', 'Saturday'),
(6, 31, 'Week 1 and week 3', 'Saturday'),
(6, 32, 'Week 1 and week 3', 'Saturday'),
(6, 33, 'Week 2 and week 4', 'Saturday'),
(6, 34, 'Week 2 and week 4', 'Saturday'),
(6, 35, 'Week 2 and week 4', 'Saturday'),
(6, 36, 'Week 2 and week 4', 'Saturday'),
(6, 37, 'Week 2 and week 4', 'Saturday'),
(6, 38, 'Week 2 and week 4', 'Saturday'),
(6, 39, 'Week 2 and week 4', 'Saturday'),
(6, 40, 'Week 2 and week 4', 'Saturday'),
(6, 41, 'Week 2 and week 4', 'Saturday'),
(6, 42, 'Week 2 and week 4', 'Saturday'),
(6, 43, 'Week 1 and week 3', 'Tuesday'),
(6, 44, 'Week 1 and week 3', 'Tuesday'),
(6, 45, 'Week 1 and week 3', 'Tuesday'),
(6, 46, 'Week 1 and week 3', 'Tuesday'),
(6, 47, 'Week 1 and week 3', 'Tuesday'),
(6, 48, 'Week 1 and week 3', 'Wednesday'),
(6, 49, 'Week 1 and week 3', 'Wednesday'),
(6, 50, 'Week 1 and week 3', 'Wednesday'),
(6, 51, 'Week 1 and week 3', 'Wednesday'),
(6, 52, 'Week 2 and week 4', 'Wednesday'),
(6, 53, 'Week 2 and week 4', 'Wednesday'),
(6, 54, 'Week 2 and week 4', 'Wednesday'),
(6, 55, 'Week 2 and week 4', 'Wednesday'),
(6, 56, 'Week 2 and week 4', 'Wednesday'),
(6, 57, 'Week 2 and week 4', 'Wednesday'),
(6, 58, 'Week 2 and week 4', 'Wednesday'),
(6, 59, 'Week 2 and week 4', 'Wednesday'),
(6, 60, 'Week 2 and week 4', 'Thursday'),
(6, 61, 'Week 1 and week 3', 'Thursday'),
(6, 62, 'Week 1 and week 3', 'Friday'),
(6, 63, 'Week 1 and week 3', 'Friday'),
(6, 64, 'Week 1 and week 3', 'Friday'),
(6, 65, 'Week 1 and week 3', 'Friday'),
(6, 66, 'Week 1 and week 3', 'Friday'),
(6, 67, 'Week 1 and week 3', 'Friday'),
(6, 68, 'Week 1 and week 3', 'Friday'),
(6, 69, 'Week 1 and week 3', 'Friday'),
(6, 70, 'Week 1 and week 3', 'Friday'),
(6, 71, 'Week 1 and week 3', 'Friday'),
(6, 72, 'Week 1 and week 3', 'Friday'),
(6, 73, 'Week 1 and week 3', 'Friday'),
(6, 74, 'Week 2 and week 4', 'Friday'),
(6, 75, 'Week 2 and week 4', 'Friday'),
(6, 76, 'Week 2 and week 4', 'Friday'),
(6, 77, 'Week 2 and week 4', 'Friday'),
(6, 78, 'Week 2 and week 4', 'Friday'),
(6, 79, 'Week 2 and week 4', 'Friday'),
(6, 80, 'Week 2 and week 4', 'Friday'),
(6, 81, 'Week 2 and week 4', 'Friday'),
(6, 82, 'Week 2 and week 4', 'Friday'),
(6, 83, 'Week 2 and week 4', 'Friday'),
(6, 84, 'Week 2 and week 4', 'Friday'),
(6, 85, 'Week 2 and week 4', 'Thursday'),
(6, 86, 'Week 2 and week 4', 'Thursday'),
(6, 87, 'Week 2 and week 4', 'Thursday'),
(6, 88, 'Week 1 and week 3', 'Saturday'),
(6, 89, 'Week 1 and week 3', 'Saturday'),
(6, 90, 'Week 1 and week 3', 'Saturday'),
(6, 91, 'Week 1 and week 3', 'Saturday'),
(6, 92, 'Week 1 and week 3', 'Saturday'),
(6, 93, 'Week 1 and week 3', 'Saturday'),
(6, 94, 'Week 1 and week 3', 'Saturday'),
(6, 95, 'Week 2 and week 4', 'Tuesday'),
(6, 96, 'Week 2 and week 4', 'Tuesday'),
(6, 97, 'Week 2 and week 4', 'Tuesday'),
(6, 98, 'Week 2 and week 4', 'Tuesday'),
(6, 99, 'Week 1 and week 3', 'Wednesday'),
(5, 100, 'Week 1 and week 3', 'Tuesday'),
(5, 101, 'Week 1 and week 3', 'Tuesday'),
(5, 102, 'Week 1 and week 3', 'Tuesday'),
(5, 103, 'Week 1 and week 3', 'Tuesday'),
(5, 104, 'Week 1 and week 3', 'Wednesday'),
(5, 105, 'Week 1 and week 3', 'Wednesday'),
(5, 106, 'Week 1 and week 3', 'Wednesday'),
(5, 107, 'Week 1 and week 3', 'Wednesday'),
(5, 108, 'Week 1 and week 3', 'Wednesday'),
(5, 109, 'Week 1 and week 3', 'Wednesday'),
(5, 110, 'Week 1 and week 3', 'Wednesday'),
(5, 111, 'Week 1 and week 3', 'Wednesday'),
(5, 112, 'Week 2 and week 4', 'Wednesday'),
(5, 113, 'Week 2 and week 4', 'Wednesday'),
(5, 114, 'Week 2 and week 4', 'Wednesday'),
(5, 115, 'Week 2 and week 4', 'Wednesday'),
(5, 116, 'Week 2 and week 4', 'Wednesday'),
(5, 117, 'Week 2 and week 4', 'Wednesday'),
(5, 118, 'Week 1 and week 3', 'Thursday'),
(5, 119, 'Week 1 and week 3', 'Thursday'),
(5, 120, 'Week 1 and week 3', 'Thursday'),
(5, 121, 'Week 1 and week 3', 'Thursday'),
(5, 122, 'Week 1 and week 3', 'Thursday'),
(5, 123, 'Week 1 and week 3', 'Friday'),
(5, 124, 'Week 1 and week 3', 'Friday'),
(5, 125, 'Week 1 and week 3', 'Friday'),
(5, 126, 'Week 1 and week 3', 'Friday'),
(5, 127, 'Week 1 and week 3', 'Friday'),
(5, 128, 'Week 1 and week 3', 'Friday'),
(5, 129, 'Week 2 and week 4', 'Friday'),
(5, 130, 'Week 2 and week 4', 'Friday'),
(5, 131, 'Week 2 and week 4', 'Friday'),
(5, 132, 'Week 2 and week 4', 'Friday'),
(5, 133, 'Week 2 and week 4', 'Friday'),
(5, 134, 'Week 2 and week 4', 'Friday'),
(5, 135, 'Week 1 and week 3', 'Saturday'),
(5, 136, 'Week 1 and week 3', 'Saturday'),
(5, 137, 'Week 1 and week 3', 'Saturday'),
(5, 138, 'Week 1 and week 3', 'Saturday'),
(5, 139, 'Week 1 and week 3', 'Saturday'),
(5, 140, 'Week 1 and week 3', 'Saturday'),
(5, 141, 'Week 1 and week 3', 'Saturday'),
(5, 142, 'Week 1 and week 3', 'Saturday'),
(5, 143, 'Week 1 and week 3', 'Saturday'),
(5, 144, 'Week 1 and week 3', 'Saturday'),
(5, 145, 'Week 1 and week 3', 'Saturday'),
(5, 146, 'Week 1 and week 3', 'Saturday'),
(5, 147, 'Week 1 and week 3', 'Saturday'),
(5, 148, 'Week 1 and week 3', 'Saturday'),
(5, 149, 'Week 1 and week 3', 'Saturday'),
(5, 150, 'Week 1 and week 3', 'Saturday'),
(5, 151, 'Week 1 and week 3', 'Saturday'),
(5, 152, 'Week 1 and week 3', 'Saturday'),
(5, 153, 'Week 1 and week 3', 'Saturday'),
(5, 154, 'Week 1 and week 3', 'Saturday'),
(5, 155, 'Week 1 and week 3', 'Thursday'),
(5, 156, 'Week 1 and week 3', 'Thursday'),
(5, 157, 'Week 1 and week 3', 'Thursday'),
(5, 158, 'Week 1 and week 3', 'Thursday'),
(5, 159, 'Week 1 and week 3', 'Thursday'),
(5, 160, 'Week 1 and week 3', 'Thursday'),
(5, 161, 'Week 1 and week 3', 'Thursday'),
(5, 162, 'Week 1 and week 3', 'Thursday'),
(5, 163, 'Week 1 and week 3', 'Thursday'),
(5, 164, 'Week 1 and week 3', 'Thursday'),
(5, 165, 'Week 1 and week 3', 'Thursday'),
(5, 166, 'Week 2 and week 4', 'Thursday'),
(5, 167, 'Week 2 and week 4', 'Thursday'),
(5, 168, 'Week 2 and week 4', 'Thursday'),
(5, 169, 'Week 2 and week 4', 'Thursday'),
(5, 170, 'Week 2 and week 4', 'Thursday'),
(5, 171, 'Week 2 and week 4', 'Thursday'),
(5, 172, 'Week 2 and week 4', 'Thursday'),
(5, 173, 'Week 2 and week 4', 'Thursday'),
(5, 174, 'Week 2 and week 4', 'Thursday'),
(5, 175, 'Week 2 and week 4', 'Thursday'),
(5, 176, 'Week 2 and week 4', 'Thursday'),
(5, 177, 'Week 2 and week 4', 'Thursday'),
(5, 178, 'Week 2 and week 4', 'Thursday'),
(5, 179, 'Week 2 and week 4', 'Thursday'),
(5, 180, 'Week 2 and week 4', 'Thursday'),
(5, 181, 'Week 2 and week 4', 'Thursday'),
(5, 182, 'Week 1 and week 3', 'Monday'),
(5, 183, 'Week 1 and week 3', 'Monday'),
(5, 184, 'Week 1 and week 3', 'Monday'),
(5, 185, 'Week 1 and week 3', 'Monday'),
(5, 186, 'Week 1 and week 3', 'Monday'),
(5, 187, 'Week 1 and week 3', 'Monday'),
(5, 188, 'Week 1 and week 3', 'Monday'),
(5, 189, 'Week 1 and week 3', 'Monday'),
(5, 190, 'Week 1 and week 3', 'Monday'),
(5, 191, 'Week 1 and week 3', 'Monday'),
(5, 192, 'Week 1 and week 3', 'Monday'),
(5, 193, 'Week 2 and week 4', 'Monday'),
(5, 194, 'Week 2 and week 4', 'Monday'),
(5, 195, 'Week 2 and week 4', 'Monday'),
(5, 196, 'Week 2 and week 4', 'Monday'),
(5, 197, 'Week 2 and week 4', 'Monday'),
(5, 198, 'Week 2 and week 4', 'Monday'),
(5, 199, 'Week 2 and week 4', 'Monday'),
(5, 200, 'Week 2 and week 4', 'Monday'),
(5, 201, 'Week 2 and week 4', 'Monday'),
(5, 202, 'Week 2 and week 4', 'Monday'),
(5, 203, 'Week 2 and week 4', 'Wednesday'),
(5, 204, 'Week 1 and week 3', 'Tuesday'),
(5, 205, 'Week 1 and week 3', 'Tuesday'),
(5, 206, 'Week 2 and week 4', 'Tuesday'),
(5, 207, 'Week 2 and week 4', 'Tuesday'),
(5, 208, 'Week 2 and week 4', 'Tuesday'),
(5, 209, 'Week 2 and week 4', 'Tuesday'),
(5, 210, 'Week 2 and week 4', 'Tuesday'),
(5, 211, 'Week 2 and week 4', 'Tuesday'),
(5, 212, 'Week 1 and week 3', 'Saturday'),
(5, 213, 'Week 2 and week 4', 'Saturday'),
(5, 214, 'Week 2 and week 4', 'Saturday'),
(5, 215, 'Week 2 and week 4', 'Saturday'),
(5, 216, 'Week 2 and week 4', 'Saturday'),
(5, 217, 'Week 2 and week 4', 'Saturday'),
(5, 218, 'Week 2 and week 4', 'Saturday'),
(5, 219, 'Week 2 and week 4', 'Saturday'),
(5, 220, 'Week 2 and week 4', 'Saturday'),
(5, 221, 'Week 2 and week 4', 'Saturday'),
(5, 222, 'Week 2 and week 4', 'Saturday'),
(5, 223, 'Week 2 and week 4', 'Saturday'),
(5, 224, 'Week 2 and week 4', 'Saturday'),
(5, 225, 'Week 2 and week 4', 'Saturday'),
(5, 226, 'Week 2 and week 4', 'Saturday'),
(5, 227, 'Week 2 and week 4', 'Saturday'),
(5, 228, 'Week 2 and week 4', 'Saturday'),
(5, 229, 'Week 2 and week 4', 'Saturday'),
(5, 230, 'Week 2 and week 4', 'Saturday'),
(5, 231, 'Week 2 and week 4', 'Saturday'),
(5, 232, 'Week 2 and week 4', 'Saturday'),
(5, 233, 'Week 2 and week 4', 'Saturday'),
(5, 234, 'Week 2 and week 4', 'Saturday'),
(3, 235, 'Week 1 and week 3', 'Monday'),
(3, 236, 'Week 1 and week 3', 'Monday'),
(3, 237, 'Week 1 and week 3', 'Monday'),
(3, 238, 'Week 1 and week 3', 'Monday'),
(3, 239, 'Week 1 and week 3', 'Monday'),
(3, 240, 'Week 1 and week 3', 'Monday'),
(3, 241, 'Week 1 and week 3', 'Monday'),
(3, 242, 'Week 2 and week 4', 'Monday'),
(3, 243, 'Week 2 and week 4', 'Monday'),
(3, 244, 'Week 2 and week 4', 'Monday'),
(3, 245, 'Week 2 and week 4', 'Monday'),
(3, 246, 'Week 2 and week 4', 'Monday'),
(3, 247, 'Week 2 and week 4', 'Monday'),
(3, 248, 'Week 2 and week 4', 'Monday'),
(3, 249, 'Week 1 and week 3', 'Tuesday'),
(3, 250, 'Week 1 and week 3', 'Tuesday'),
(3, 251, 'Week 1 and week 3', 'Tuesday'),
(3, 252, 'Week 1 and week 3', 'Tuesday'),
(3, 253, 'Week 1 and week 3', 'Tuesday'),
(3, 254, 'Week 1 and week 3', 'Tuesday'),
(3, 255, 'Week 1 and week 3', 'Tuesday'),
(3, 256, 'Week 2 and week 4', 'Tuesday'),
(3, 257, 'Week 2 and week 4', 'Tuesday'),
(3, 258, 'Week 2 and week 4', 'Tuesday'),
(3, 259, 'Week 2 and week 4', 'Tuesday'),
(3, 260, 'Week 2 and week 4', 'Tuesday'),
(3, 261, 'Week 2 and week 4', 'Tuesday'),
(3, 262, 'Week 2 and week 4', 'Tuesday'),
(3, 263, 'Week 2 and week 4', 'Tuesday'),
(3, 264, 'Week 1 and week 3', 'Friday'),
(3, 265, 'Week 1 and week 3', 'Friday'),
(3, 266, 'Week 1 and week 3', 'Friday'),
(3, 267, 'Week 1 and week 3', 'Friday'),
(3, 268, 'Week 1 and week 3', 'Friday'),
(3, 269, 'Week 1 and week 3', 'Saturday'),
(3, 270, 'Week 1 and week 3', 'Saturday'),
(3, 271, 'Week 1 and week 3', 'Saturday'),
(3, 272, 'Week 1 and week 3', 'Saturday'),
(3, 273, 'Week 1 and week 3', 'Friday'),
(3, 274, 'Week 1 and week 3', 'Friday'),
(3, 275, 'Week 1 and week 3', 'Saturday'),
(3, 276, 'Week 1 and week 3', 'Saturday'),
(3, 277, 'Week 1 and week 3', 'Saturday'),
(3, 278, 'Week 1 and week 3', 'Saturday'),
(3, 279, 'Week 1 and week 3', 'Saturday'),
(3, 280, 'Week 1 and week 3', 'Saturday'),
(3, 281, 'Week 2 and week 4', 'Saturday'),
(3, 282, 'Week 2 and week 4', 'Saturday'),
(3, 283, 'Week 2 and week 4', 'Saturday'),
(3, 284, 'Week 2 and week 4', 'Saturday'),
(3, 285, 'Week 2 and week 4', 'Saturday'),
(3, 286, 'Week 2 and week 4', 'Saturday'),
(3, 287, 'Week 2 and week 4', 'Saturday'),
(3, 288, 'Week 2 and week 4', 'Saturday'),
(3, 289, 'Week 2 and week 4', 'Saturday'),
(3, 290, 'Week 2 and week 4', 'Saturday'),
(3, 291, 'Week 1 and week 3', 'Thursday'),
(3, 292, 'Week 1 and week 3', 'Thursday'),
(3, 293, 'Week 1 and week 3', 'Wednesday'),
(3, 294, 'Week 1 and week 3', 'Wednesday'),
(3, 295, 'Week 1 and week 3', 'Wednesday'),
(3, 296, 'Week 1 and week 3', 'Wednesday'),
(3, 297, 'Week 1 and week 3', 'Wednesday'),
(3, 298, 'Week 1 and week 3', 'Wednesday'),
(3, 299, 'Week 1 and week 3', 'Wednesday'),
(3, 300, 'Week 1 and week 3', 'Wednesday'),
(3, 301, 'Week 1 and week 3', 'Wednesday'),
(3, 302, 'Week 1 and week 3', 'Wednesday'),
(3, 303, 'Week 1 and week 3', 'Wednesday'),
(3, 304, 'Week 1 and week 3', 'Wednesday'),
(3, 305, 'Week 1 and week 3', 'Wednesday'),
(3, 306, 'Week 1 and week 3', 'Thursday'),
(3, 307, 'Week 1 and week 3', 'Thursday'),
(3, 308, 'Week 1 and week 3', 'Thursday'),
(3, 309, 'Week 1 and week 3', 'Thursday'),
(3, 310, 'Week 1 and week 3', 'Thursday'),
(3, 311, 'Week 1 and week 3', 'Thursday'),
(3, 312, 'Week 1 and week 3', 'Thursday'),
(3, 313, 'Week 1 and week 3', 'Thursday'),
(3, 314, 'Week 1 and week 3', 'Wednesday'),
(3, 315, 'Week 1 and week 3', 'Wednesday'),
(3, 316, 'Week 1 and week 3', 'Wednesday'),
(3, 317, 'Week 1 and week 3', 'Wednesday'),
(3, 318, 'Week 1 and week 3', 'Wednesday'),
(3, 319, 'Week 2 and week 4', 'Wednesday'),
(3, 320, 'Week 2 and week 4', 'Wednesday'),
(3, 321, 'Week 2 and week 4', 'Wednesday'),
(3, 322, 'Week 2 and week 4', 'Wednesday'),
(3, 323, 'Week 2 and week 4', 'Wednesday'),
(3, 324, 'Week 2 and week 4', 'Wednesday'),
(3, 325, 'Week 2 and week 4', 'Wednesday'),
(3, 326, 'Week 2 and week 4', 'Wednesday'),
(3, 327, 'Week 2 and week 4', 'Wednesday'),
(3, 328, 'Week 2 and week 4', 'Wednesday'),
(3, 329, 'Week 2 and week 4', 'Wednesday'),
(3, 330, 'Week 2 and week 4', 'Wednesday'),
(3, 331, 'Week 2 and week 4', 'Wednesday'),
(3, 332, 'Week 2 and week 4', 'Wednesday'),
(3, 333, 'Week 2 and week 4', 'Wednesday'),
(3, 334, 'Week 1 and week 3', 'Thursday'),
(3, 335, 'Week 1 and week 3', 'Thursday'),
(3, 336, 'Week 2 and week 4', 'Thursday'),
(3, 337, 'Week 2 and week 4', 'Thursday'),
(3, 338, 'Week 2 and week 4', 'Thursday'),
(3, 339, 'Week 2 and week 4', 'Thursday'),
(3, 340, 'Week 2 and week 4', 'Thursday'),
(3, 341, 'Week 2 and week 4', 'Thursday'),
(3, 342, 'Week 2 and week 4', 'Thursday'),
(3, 343, 'Week 2 and week 4', 'Thursday'),
(3, 344, 'Week 2 and week 4', 'Thursday'),
(3, 345, 'Week 2 and week 4', 'Thursday'),
(3, 346, 'Week 2 and week 4', 'Thursday'),
(3, 347, 'Week 2 and week 4', 'Thursday'),
(3, 348, 'Week 2 and week 4', 'Wednesday'),
(3, 349, 'Week 2 and week 4', 'Wednesday'),
(3, 350, 'Week 1 and week 3', 'Friday'),
(3, 351, 'Week 2 and week 4', 'Friday'),
(3, 352, 'Week 2 and week 4', 'Friday'),
(3, 353, 'Week 2 and week 4', 'Friday'),
(3, 354, 'Week 2 and week 4', 'Friday'),
(3, 355, 'Week 2 and week 4', 'Friday'),
(3, 356, 'Week 2 and week 4', 'Friday'),
(3, 357, 'Week 2 and week 4', 'Friday'),
(3, 358, 'Week 2 and week 4', 'Friday'),
(3, 359, 'Week 2 and week 4', 'Friday'),
(3, 360, 'Week 2 and week 4', 'Friday'),
(3, 361, 'Week 2 and week 4', 'Friday');

-- --------------------------------------------------------

--
-- Table structure for table `b2b_visit`
--

DROP TABLE IF EXISTS `b2b_visit`;
CREATE TABLE IF NOT EXISTS `b2b_visit` (
  `id` int(10) NOT NULL,
  `id_user` int(10) NOT NULL,
  `id_outlet` int(10) NOT NULL,
  `datetime_visit` datetime NOT NULL,
  `audit_visit` int(3) NOT NULL
) ENGINE=InnoDB DEFAULT CHARSET=latin1;

--
-- Dumping data for table `b2b_visit`
--

INSERT INTO `b2b_visit` (`id`, `id_user`, `id_outlet`, `datetime_visit`, `audit_visit`) VALUES
(1, 5, 212, '2020-12-05 22:47:11', 1),
(2, 5, 149, '2020-12-05 02:01:11', 1),
(3, 5, 144, '2020-12-05 02:05:02', 1),
(4, 5, 140, '2020-12-05 02:05:34', 1),
(5, 5, 144, '2020-12-05 02:06:22', 1),
(6, 5, 137, '2020-12-05 02:06:06', 1),
(7, 5, 145, '2020-12-05 02:53:13', 1),
(8, 5, 150, '2020-12-05 15:32:23', 1),
(9, 5, 146, '2020-12-05 15:34:14', 1),
(10, 3, 246, '2020-12-07 18:41:33', 1),
(11, 3, 248, '2020-12-07 19:03:57', 1),
(12, 3, 247, '2020-12-07 19:05:34', 1),
(13, 3, 244, '2020-12-07 19:46:59', 1),
(14, 3, 236, '2020-12-14 19:58:23', 1);

-- --------------------------------------------------------

--
-- Table structure for table `b2b_visit_brand`
--

DROP TABLE IF EXISTS `b2b_visit_brand`;
CREATE TABLE IF NOT EXISTS `b2b_visit_brand` (
  `id` int(10) NOT NULL,
  `id_visit` int(10) NOT NULL,
  `id_brand` int(10) NOT NULL,
  `audit_brand` int(3) NOT NULL,
  `available_brand` int(1) NOT NULL
) ENGINE=InnoDB DEFAULT CHARSET=latin1;

--
-- Dumping data for table `b2b_visit_brand`
--

INSERT INTO `b2b_visit_brand` (`id`, `id_visit`, `id_brand`, `audit_brand`, `available_brand`) VALUES
(1, 1, 1, 1, 1),
(2, 1, 2, 1, 1),
(3, 1, 3, 1, 1),
(4, 1, 4, 1, 1),
(5, 1, 5, 1, 1),
(6, 1, 6, 1, 1),
(7, 1, 7, 1, 1),
(8, 2, 1, 1, 1),
(9, 3, 1, 1, 1),
(10, 4, 1, 1, 1),
(11, 5, 1, 1, 1),
(12, 6, 1, 1, 1),
(13, 7, 1, 1, 1),
(14, 8, 1, 1, 1),
(15, 9, 1, 1, 1),
(16, 10, 1, 1, 1),
(17, 10, 2, 1, 1),
(18, 11, 1, 1, 1),
(19, 12, 1, 1, 1),
(20, 12, 2, 1, 1),
(21, 13, 1, 1, 1),
(22, 14, 1, 1, 1),
(23, 14, 2, 1, 1),
(24, 14, 3, 1, 1),
(25, 14, 4, 1, 1),
(26, 14, 5, 1, 1);

-- --------------------------------------------------------

--
-- Table structure for table `b2b_visit_response`
--

DROP TABLE IF EXISTS `b2b_visit_response`;
CREATE TABLE IF NOT EXISTS `b2b_visit_response` (
  `id_visit_brand` int(10) NOT NULL,
  `id_question` int(10) NOT NULL,
  `response` varchar(255) NOT NULL,
  `audit_response` int(3) NOT NULL
) ENGINE=InnoDB DEFAULT CHARSET=latin1;

--
-- Dumping data for table `b2b_visit_response`
--

INSERT INTO `b2b_visit_response` (`id_visit_brand`, `id_question`, `response`, `audit_response`) VALUES
(1, 1, 'Yes', 1),
(1, 2, '1', 1),
(1, 3, '1', 1),
(1, 4, '1', 1),
(1, 5, 'Yes', 1),
(1, 6, '1', 1),
(1, 7, 'Yes', 1),
(2, 1, 'No', 1),
(2, 2, '-', 1),
(2, 3, '-', 1),
(2, 4, '-', 1),
(2, 5, 'No', 1),
(2, 6, '-', 1),
(2, 7, 'No', 1),
(3, 1, 'No', 1),
(3, 2, '-', 1),
(3, 3, '-', 1),
(3, 4, '-', 1),
(3, 5, 'No', 1),
(3, 6, '-', 1),
(3, 7, 'No', 1),
(4, 1, 'No', 1),
(4, 2, '-', 1),
(4, 3, '-', 1),
(4, 4, '-', 1),
(4, 5, 'Yes', 1),
(4, 6, '-', 1),
(4, 7, 'Yes', 1),
(5, 1, 'No', 1),
(5, 2, '-', 1),
(5, 3, '-', 1),
(5, 4, '-', 1),
(5, 5, 'No', 1),
(5, 6, '-', 1),
(5, 7, 'No', 1),
(6, 1, 'Yes', 1),
(6, 2, '1', 1),
(6, 3, '1', 1),
(6, 4, '1', 1),
(6, 5, 'No', 1),
(6, 6, '1', 1),
(6, 7, 'No', 1),
(7, 1, 'Yes', 1),
(7, 2, '-', 1),
(7, 3, '-', 1),
(7, 4, '-', 1),
(7, 5, 'No', 1),
(7, 6, '-', 1),
(7, 7, 'Yes', 1),
(8, 1, 'Yes', 1),
(8, 2, '1', 1),
(8, 3, '1', 1),
(8, 4, '1', 1),
(8, 5, 'Yes', 1),
(8, 6, '1', 1),
(8, 7, 'Yes', 1),
(9, 1, 'Yes', 1),
(9, 2, '1', 1),
(9, 3, '1', 1),
(9, 4, '1', 1),
(9, 5, 'Yes', 1),
(9, 6, '1', 1),
(9, 7, 'Yes', 1),
(10, 1, 'Yes', 1),
(10, 2, '1', 1),
(10, 3, '1', 1),
(10, 4, '1', 1),
(10, 5, 'Yes', 1),
(10, 6, '1', 1),
(10, 7, 'Yes', 1),
(11, 1, 'Yes', 1),
(11, 2, '1', 1),
(11, 3, '1', 1),
(11, 4, '1', 1),
(11, 5, 'Yes', 1),
(11, 6, '1', 1),
(11, 7, 'Yes', 1),
(12, 1, 'No', 1),
(12, 2, '1', 1),
(12, 3, '1', 1),
(12, 4, '1', 1),
(12, 5, 'No', 1),
(12, 6, '1', 1),
(12, 7, 'No', 1),
(13, 1, 'Yes', 1),
(13, 2, '1', 1),
(13, 3, '1', 1),
(13, 4, '1', 1),
(13, 5, 'No', 1),
(13, 6, '1', 1),
(13, 7, 'Yes', 1),
(14, 1, 'Yes', 1),
(14, 2, 'q', 1),
(14, 3, 'q', 1),
(14, 4, 'q', 1),
(14, 5, 'Yes', 1),
(14, 6, 'q', 1),
(14, 7, 'No', 1),
(15, 1, 'Yes', 1),
(15, 2, 'q', 1),
(15, 3, 'q', 1),
(15, 4, 'q', 1),
(15, 5, 'No', 1),
(15, 6, 'q', 1),
(15, 7, 'No', 1),
(16, 1, 'Yes', 1),
(16, 2, '1', 1),
(16, 3, '1', 1),
(16, 4, '1', 1),
(16, 5, 'No', 1),
(16, 6, '1', 1),
(16, 7, 'No', 1),
(17, 1, 'Yes', 1),
(17, 2, '1', 1),
(17, 3, '1', 1),
(17, 4, '1', 1),
(17, 5, 'No', 1),
(17, 6, '1', 1),
(17, 7, 'No', 1),
(18, 1, 'No', 1),
(18, 2, '1', 1),
(18, 3, '1', 1),
(18, 4, '1', 1),
(18, 5, 'Yes', 1),
(18, 6, '1', 1),
(18, 7, 'Yes', 1),
(19, 1, 'Yes', 1),
(19, 2, 'a', 1),
(19, 3, 'a', 1),
(19, 4, 'a', 1),
(19, 5, 'No', 1),
(19, 6, 'a', 1),
(19, 7, 'No', 1),
(20, 1, 'Yes', 1),
(20, 2, '1', 1),
(20, 3, '1', 1),
(20, 4, '1', 1),
(20, 5, 'No', 1),
(20, 6, '1', 1),
(20, 7, 'Yes', 1),
(21, 1, 'Yes', 1),
(21, 2, '1', 1),
(21, 3, '1', 1),
(21, 4, '1', 1),
(21, 5, 'No', 1),
(21, 6, '1', 1),
(21, 7, 'No', 1),
(22, 1, 'Yes', 1),
(22, 2, '1l', 1),
(22, 3, '4btl', 1),
(22, 4, '2', 1),
(22, 5, 'No', 1),
(22, 6, '-', 1),
(22, 7, 'No', 1),
(23, 1, 'Yes', 1),
(23, 2, '1l', 1),
(23, 3, '7btl', 1),
(23, 4, '3', 1),
(23, 5, 'No', 1),
(23, 6, 'OK', 1),
(23, 7, 'No', 1),
(24, 1, 'Yes', 1),
(24, 2, '1l 12y', 1),
(24, 3, '10', 1),
(24, 4, '3', 1),
(24, 5, 'No', 1),
(24, 6, '-', 1),
(24, 7, 'No', 1),
(25, 1, 'Yes', 1),
(25, 2, '1l', 1),
(25, 3, '11btl', 1),
(25, 4, '3', 1),
(25, 5, 'No', 1),
(25, 6, '-', 1),
(25, 7, 'No', 1),
(26, 1, 'No', 1),
(26, 2, '0', 1),
(26, 3, '0', 1),
(26, 4, '0', 1),
(26, 5, 'No', 1),
(26, 6, '0', 1),
(26, 7, 'No', 1);

-- --------------------------------------------------------

--
-- Table structure for table `__073_segmentation_temp`
--

DROP TABLE IF EXISTS `__073_segmentation_temp`;
CREATE TABLE IF NOT EXISTS `__073_segmentation_temp` (
  `msisdn` int(10) unsigned NOT NULL,
  `segmentation_period` int(10) unsigned NOT NULL,
  `segment_id` smallint(5) unsigned NOT NULL DEFAULT '0',
  `total_refill_count` smallint(5) DEFAULT NULL,
  `total_refill_amount` decimal(32,0) DEFAULT '0',
  `total_adjustment_amount` decimal(32,0) DEFAULT '0',
  `total_usage_amount` decimal(32,0) DEFAULT '0',
  `activation_date` timestamp NULL DEFAULT NULL,
  `last_recharge_time` timestamp NULL DEFAULT NULL
) ENGINE=InnoDB DEFAULT CHARSET=latin1;

--
-- Indexes for dumped tables
--

--
-- Indexes for table `b2b_audit_brand`
--
ALTER TABLE `b2b_audit_brand`
  ADD PRIMARY KEY (`id`);

--
-- Indexes for table `b2b_audit_question`
--
ALTER TABLE `b2b_audit_question`
  ADD PRIMARY KEY (`id`);

--
-- Indexes for table `b2b_category_product`
--
ALTER TABLE `b2b_category_product`
  ADD PRIMARY KEY (`id`);

--
-- Indexes for table `b2b_order`
--
ALTER TABLE `b2b_order`
  ADD PRIMARY KEY (`id`);

--
-- Indexes for table `b2b_order_details`
--
ALTER TABLE `b2b_order_details`
  ADD PRIMARY KEY (`id_order`,`id_product`);

--
-- Indexes for table `b2b_outlet`
--
ALTER TABLE `b2b_outlet`
  ADD PRIMARY KEY (`id`);

--
-- Indexes for table `b2b_outlet2`
--
ALTER TABLE `b2b_outlet2`
  ADD PRIMARY KEY (`id`);

--
-- Indexes for table `b2b_outlet_tmp`
--
ALTER TABLE `b2b_outlet_tmp`
  ADD PRIMARY KEY (`id`);

--
-- Indexes for table `b2b_product`
--
ALTER TABLE `b2b_product`
  ADD PRIMARY KEY (`id`);

--
-- Indexes for table `b2b_user`
--
ALTER TABLE `b2b_user`
  ADD PRIMARY KEY (`id`);

--
-- Indexes for table `b2b_user_outlet`
--
ALTER TABLE `b2b_user_outlet`
  ADD PRIMARY KEY (`id_user`,`id_outlet`);

--
-- Indexes for table `b2b_visit`
--
ALTER TABLE `b2b_visit`
  ADD PRIMARY KEY (`id`);

--
-- Indexes for table `b2b_visit_brand`
--
ALTER TABLE `b2b_visit_brand`
  ADD PRIMARY KEY (`id`);

--
-- Indexes for table `b2b_visit_response`
--
ALTER TABLE `b2b_visit_response`
  ADD PRIMARY KEY (`id_visit_brand`,`id_question`);

--
-- Indexes for table `__073_segmentation_temp`
--
ALTER TABLE `__073_segmentation_temp`
  ADD PRIMARY KEY (`msisdn`,`segmentation_period`);

/*!40101 SET CHARACTER_SET_CLIENT=@OLD_CHARACTER_SET_CLIENT */;
/*!40101 SET CHARACTER_SET_RESULTS=@OLD_CHARACTER_SET_RESULTS */;
/*!40101 SET COLLATION_CONNECTION=@OLD_COLLATION_CONNECTION */;
